region,cell_name,threshold_v,latency,peak_v,trough_v,peak_amp,upstroke_downstroke_ratio,adaptation,isi_cv,avg_rate,tau,sag,Rin,Cm,half_width,DepoR,RepoR,AHPAmp,AHP_latency,RMP,IS1,IS2
Frontal,frontal_lobe_0817_cell3,-42.91788737,0.00283,-1.251220703,-45.24230957,41.66666667,2.705182073,0.119155354,0.119155354,6,0.021332243,0.028546441,188.4780884,-0.000113182,0,2.502441406,-1.104736328,10.55297852,18.3,-54.5,0.02769,0.043463333
Frontal,frontal_lobe_0817_cell4,-21.91162109,0.01658,37.54679362,-30.86344401,59.45841471,4.60162037,0.450772082,0.450772082,6,0.012818882,0.023904519,86.83013916,-0.000147632,2.175,4.501342773,-0.946044922,10.86425781,21.55,-49.1,0.088396667,0.140806667
Frontal,frontal_lobe_0822_cell12,-41.58528646,0.08483,38.03507487,-48.20251465,79.62036133,4.783333333,0.523371006,0.523371006,6,0.014026302,0.015760951,130.1847839,-0.000107741,1.275,8.7890625,-1.419067383,9.857177734,21.65,-67.6,0.0536525,0.064233333
Frontal,frontal_lobe_0822_cell5,-36.11450195,0.05128,39.56298828,-52.96630859,75.67749023,3.304837616,0.060611937,0.161467187,10,0.017661044,0.036933344,288.6495972,-6.11851E-05,0.975,8.255004883,-2.502441406,18.37158203,13.975,-52.2,0.05192,0.045386667
Frontal,frontal_lobe_0822_cell9,-37.6663208,0.03868,29.9949646,-45.79162598,67.6612854,2.885202892,0.059762296,0.209097396,16,0.013661311,0.072701906,195.1287842,-7.00118E-05,0.95,6.072998047,-2.044677734,9.908040365,20.4,-64.03,0.03,0.03
Frontal,frontal_lobe_1024_cell3,-44.18945313,0.02053,33.75244141,-56.61773682,77.94189453,4.047293819,0.163794427,0.283228327,8,0.023141746,0.008446778,135.7911682,-0.000170422,1.27,3.741455078,-1.013183594,10.59570313,23.78,-68.64,0.046224,0.0491775
Frontal,frontal_lobe_1024_cell5,-37.15515137,0.06238,37.02799479,-49.45882161,74.18314616,5.153545508,0.203616264,0.513758909,12,0.027443987,0.091176248,163.3207703,-0.000168037,1.2,8.139474051,-1.599993025,17.62608119,19.67857143,-54.22,0.056538,0.05816
Frontal,frontal_lobe_1024_cell6,-26.11287435,0.06943,20.99609375,-40.12044271,47.1089681,2.299595142,0.292857143,0.292857143,6,0.007586767,0.117178141,137.9760742,-5.49861E-05,0.375,13.16833496,-5.630493164,17.04406738,2.45,-70.27,0.0412525,0.03499
Frontal,frontal_lobe_1123_cell10,-47.90649414,0.02038,27.28271484,-63.09407552,75.18920898,2.078128574,0.022205196,0.189835267,30,0.015981408,0.179634229,236.2142944,-6.76564E-05,0.433333333,10.56416829,-5.086263021,16.92199707,3.191666667,-66.4,0.01002,0.016026667
Frontal,frontal_lobe_1123_cell11,-40.6036377,0.00533,20.03261021,-46.16840069,60.63624791,3.442641717,0.008334499,0.075708796,28,0.015792084,0.103457683,364.5085144,-4.33243E-05,1.515,4.554748535,-1.239013672,10.66131592,24.4225,-53.9,0.032858333,0.035696667
Frontal,frontal_lobe_1123_cell12,-41.31673177,0.00903,11.02498372,-54.26025391,52.34171549,2.433528316,0.019136737,0.149409613,30,0.012664792,0.172791228,264.5150757,-4.78793E-05,0.371052632,4.877993935,-2.120168586,17.29704204,7.389473684,-55.6,0.018051429,0.01809
Frontal,frontal_lobe_1123_cell13,-41.28417969,0.00298,20.79467773,-56.9152832,62.07885742,2.134537821,0.08451745,0.261279157,10,0.013948287,0.035710054,182.3023987,-7.65118E-05,0.191666667,4.595438639,-2.184549967,12.97505697,8.083333333,-52.3,0.0194875,0.021085
Frontal,frontal_lobe_1123_cell14,-46.04797363,0.00318,2.31628418,-54.56848145,48.36425781,2.177958593,0.061255566,0.731251075,20,0.019699729,-0.037100892,161.3632202,-0.000122083,0.294444444,6.930881076,-3.255208333,11.2508138,4.827777778,-53,0.052866667,0.054538
Frontal,frontal_lobe_1123_cell17,-42.6940918,0.01788,-10.16998291,-52.90222168,32.52410889,2.009824685,0.006247692,1.137362739,8,0.010482659,0.0775587,227.5352478,-4.60705E-05,0.292857143,5.650111607,-2.733503069,15.4636928,4.685714286,-61.1,0.0418525,0.025583333
Frontal,frontal_lobe_1123_cell18,-39.89519392,0.00493,15.61192104,-57.37304688,55.50711496,1.813094508,0.045655663,1.513418372,14,0.012703173,0.013899766,187.1342468,-6.78827E-05,0.29,5.944824219,-3.198242188,18.4387207,3.72,-55.6,0.01664,0.0179725
Frontal,frontal_lobe_1123_cell21,-46.14257813,0.00563,8.987426758,-58.41064453,55.13000488,2.202196382,,0,4,0.009129666,0.094696623,247.5636292,-3.68781E-05,0.3625,4.371643066,-2.067565918,15.41137695,6.375,-58.8118,0.019633333,0.025595
Frontal,frontal_lobe_1123_cell22,-42.46139526,0.00443,-7.377624512,-52.05790202,35.08377075,2.199845587,0.014824073,0.118956677,48,0.009129666,0.094696623,247.5636292,-3.68781E-05,0,6.553649902,-3.005981445,13.32092285,4.01875,-55.4,0.021261667,0.010565
Frontal,frontal_lobe_1123_cell23,-51.2491862,0.01578,13.1632487,-61.51326497,64.4124349,2.457319021,0.264618434,0.264618434,6,0.017361308,0.196065211,391.3514709,-4.43624E-05,0.215,5.618286133,-2.334594727,13.17138672,8.475,-55.5,0.011782,0.01684
Frontal,frontal_lobe_1123_cell24,-44.74385579,0.00353,6.717681885,-52.73310343,51.46153768,2.174642399,0.009747444,0.10190618,48,0.016580407,0.056072324,249.079895,-6.65666E-05,0.2125,8.304595947,-3.833770752,10.90621948,4.0125,-57.1,0.020995,0.02578
Frontal,frontal_lobe_1123_cell25,-43.56486003,0.00478,1.621500651,-54.38232422,45.18636068,2.182564343,0.035698769,0.30637031,30,0.011471488,0.173190167,197.146759,-5.81876E-05,0,4.193115234,-1.837158203,12.16430664,11.51,-48.9,0.02059,0.0228
Frontal,frontal_lobe_1123_cell27,-49.21613421,0.00423,-2.663748605,-55.63063849,46.5523856,2.147772087,0.015865663,0.121311223,42,0.008238501,0.042324329,208.6140442,-3.94916E-05,0,6.134033203,-2.89577908,8.192274306,4.3,-53.5,0.039385,0.05388
Frontal,frontal_lobe_1123_cell4,-39.35593825,0.01293,5.45325646,-51.20294744,44.80919471,2.088867125,0.028830528,0.191558309,26,0.015329873,0.09445872,314.2572021,-4.87813E-05,0.2,5.025227865,-2.451578776,13.91601563,10.03333333,-53.9,0.037615714,0.028741667
Frontal,frontal_lobe_1123_cell6,-40.85109545,0.00273,10.21808127,-52.96922767,51.06917672,2.148482926,0.011062553,0.123111804,46,0.015904032,0.019032274,194.7613525,-8.16591E-05,0.35,8.422851563,-4.119873047,15.57922363,4.15,-54.8,0.019871429,0.02139
Frontal,frontal_lobe_1123_cell8,-48.69030368,0.00208,11.46968718,-54.38429309,60.15999086,2.102391233,0.004167689,0.087063641,62,0.014337428,0.03308056,212.3062134,-6.75318E-05,0.35,9.002685547,-4.34366862,9.033203125,3.783333333,-56.5,0.028833333,0.042196667
Frontal,frontal_lobe_1207_cell10,-32.98950195,0.06378,16.17431641,,49.16381836,,,,2,0.019304203,0.032445126,171.5715027,-0.000112514,1.511111111,4.747178819,-0.847710503,14.56027561,25.25555556,-62.5,0.06106,0.07969
Frontal,frontal_lobe_1207_cell11,-46.29516602,0.01298,9.368896484,,55.6640625,,,,2,0.009648964,0.040109631,163.9477539,-5.88539E-05,1.85,1.836603338,-0.657515092,8.112127131,34.19090909,-63.5,0.084863333,0.08383
Frontal,frontal_lobe_1207_cell12,-36.07177734,0.02843,0.213623047,,36.28540039,,,,2,0.021233443,0.045804737,98.3102417,-0.000215984,1.576923077,4.162128155,-0.713641827,10.11070838,26.08461538,-62.8,,
Frontal,frontal_lobe_1207_cell1,-35.36224365,0.00548,24.559021,-45.51478795,59.92126465,2.953059467,0.04129423,0.203281637,16,0.031562315,-0.037273359,425.2879333,-7.4214E-05,1.633333333,2.807617188,-1.105414497,10.32172309,28.02777778,-49.8,0.059025,0.064223333
Frontal,frontal_lobe_1207_cell5,-41.90063477,0.01493,22.79663086,-46.05102539,64.69726563,2.682926829,,,2,0.010438858,0.051765019,158.4597778,-6.5877E-05,1.95,1.678466797,-0.610351563,12.05444336,47.85,-57.7,,
Frontal,frontal_lobe_1207_cell6,-38.23852539,0.03128,18.20373535,-52.23592122,56.44226074,3.408876458,0.098954509,0.196490705,8,0.01813366,0.014805067,251.370697,-7.21391E-05,2.1125,2.18963623,-0.74005127,18.71490479,27.09166667,-53.6,0.0729625,0.11022
Frontal,frontal_lobe_1207_cell8,-32.53173828,0.03953,32.47070313,-44.54040527,65.00244141,3.328107503,,0,4,0.016898634,0.038274017,148.4666443,-0.000113821,2.070588235,2.698112937,-0.904756434,17.29808134,23.96470588,-56.4,0.064686667,0.081756667
Frontal,frontal_lobe_1207_cell9,-37.90283203,0.03088,25.28381348,-52.06298828,63.18664551,4.487179487,,0,4,0.014146328,0.03499752,112.9710388,-0.000125221,1.195454545,5.232377486,-1.331676136,13.18359375,25.76363636,-65.9,0.116275,0.11332
Occipital,occipital_lobe_0627_cell8,-29.08325195,0.05588,13.81429036,-35.99039714,42.89754232,2.590808416,0.230890465,0.230890465,6,0.006428371,0.019003809,119.7816467,-5.36674E-05,1.014285714,6.94492885,-2.280099051,12.50784738,24.26428571,-63.81,0.085896667,0.049935
Occipital,occipital_lobe_0627_cell9,-41.69718424,0.01683,24.25130208,-60.44514974,65.94848633,1.606242264,0.023089046,0.882507212,6,,0.084992643,186.1964417,,0.533333333,5.788167318,-4.486083984,11.29150391,4,-67.11,,0.01837
Occipital,occipital_lobe_0829_cell6,-35.987854,0.00588,20.82824707,-41.5802002,56.81610107,3.258820346,0.313809569,0.499624039,8,0.018307804,0.030428927,274.3289185,-6.67367E-05,0.465789474,10.63778526,-4.508570621,10.69239566,3.6,-68.5,0.052834,0.025385
Occipital,occipital_lobe_0902_cell1,-45.53900825,0.01213,19.27354601,-64.74473741,64.81255425,1.983843598,0.02101403,0.163844905,36,0.010349665,0.084084256,115.9700012,-8.92443E-05,0.45,10.68115234,-5.37109375,19.83642578,2.55,-75.9217,0.015,0.0201925
Occipital,occipital_lobe_0914_cell1,-49.8103389,0.00318,-15.17401801,-65.68115234,34.63632089,1.765981341,0.005620191,0.068876359,54,0.010060445,0.037262438,209.9072266,-4.79281E-05,0,5.065917969,-3.021240234,19.62280273,3.75,-62.6,0.025018,0.0216075
Occipital,occipital_lobe_0914_cell3,-38.98620605,0.01578,33.58459473,-47.74983724,72.57080078,4.166666667,0.078858262,0.160310809,8,0.016143788,0.010358142,239.7155762,-6.73456E-05,0,10.52856445,-6.805419922,23.4375,2.25,-73.9,0.0252568,0.021645
Occipital,occipital_lobe_1121_cell13,-26.11287435,0.06943,20.99609375,-40.12044271,47.1089681,2.299595142,0.292857143,0.292857143,6,0.022056834,0.057455551,227.469635,-9.69661E-05,1.2,3.143310547,-1.369476318,16.45278931,30.675,-60.7,0.061718,0.063536667
Occipital,occipital_lobe_1121_cell14,-39.61791992,0.01968,26.52587891,-48.43139648,66.14379883,3.1889746,0.122578541,0.263010831,10,0.010620762,0.006937187,136.7375183,-7.76726E-05,1.081818182,7.016268643,-2.080743963,14.11854137,24.96818182,-58.4,0.05641,0.07529
Occipital,occipital_lobe_1121_cell15,-39.79682922,0.00288,-3.231048584,-51.03683472,36.56578064,2.051725338,0.029223581,0.255571516,32,0.007297525,0.204896793,408.9186096,-1.78459E-05,0,3.712373621,-1.628202551,11.99161305,8.464705882,-54.7,0.013333333,0.015573333
Occipital,occipital_lobe_1121_cell1,-41.68701172,0.03823,36.37695313,-44.40307617,78.06396484,3.888888889,,,2,0.008619225,0.10068762,194.8834229,-4.42276E-05,1.4,5.432128906,-1.388549805,9.002685547,15.775,-56.7,0.017423333,0.037143333
Occipital,occipital_lobe_1121_cell4,-39.46533203,0.03268,36.41357422,-48.05297852,75.87890625,3.457025386,0.065879296,0.153038103,10,0.00996189,0.1065301,126.8354797,-7.85418E-05,1.135,6.741333008,-2.420043945,11.32202148,23.91,-62.8,0.0105325,0.016253333
Occipital,occipital_lobe_1121_cell6,-41.35131836,,39.09301758,-50.14038086,80.44433594,3.597222222,,,2,0.008100393,0.087302628,142.2677612,-5.69377E-05,1.24,6.369018555,-1.910400391,11.20605469,25.2,-69.4,0.08650675,0.07569
Occipital,occipital_lobe_1121_cell7,-49.65209961,0.08383,28.35083008,-58.50219727,78.00292969,2.833333333,,,2,0.008829704,0.155911228,86.83120728,-0.000101688,0.64375,13.79013062,-4.203796387,10.91003418,22.93125,-55.742,0.049546,0.068275
Occipital,occipital_lobe_1121_cell8,-40.39611816,0.01518,15.45715332,-44.59838867,55.85327148,2.436764841,0.051586073,0.206800668,20,0.010039018,0.044467265,211.7112732,-4.74184E-05,0.733333333,4.865010579,-2.131144206,8.972167969,25.45833333,-59.8,0.025573333,0.052026667
Occipital,occipital_lobe_1128_cell3,-30.05599976,0.00648,13.671875,-37.65869141,43.72787476,2.502600094,0.047550353,0.201587032,16,0.008241262,0.047079689,194.354248,-4.24033E-05,0.95,5.416870117,-1.953125,16.90673828,23.65833333,-52.2,0.04513,0.072975
Occipital,occipital_lobe_1202_cell16,-44.95794123,0.00403,14.8676092,-61.92294034,59.82555043,1.987535443,0.019654329,0.157618413,22,0.012980713,0.030511128,203.4719849,-6.37961E-05,0.513636364,5.670720881,-2.990722656,20.86292614,5.15,-53.5,0.02016,0.0313625
Occipital,occipital_lobe_1202_cell19,-41.17098722,0.00148,20.9683505,-57.59221857,62.13933771,2.010177935,0.016990843,0.299147724,22,0.012994155,0.034836053,273.6430359,-4.74858E-05,0.6,5.462646484,-2.787272135,18.5546875,4.583333333,-50.5,0.018125,0.021753333
Occipital,occipital_lobe_1202_cell20,-43.71337891,0.01018,4.861450195,-56.39648438,48.5748291,2.070494458,0.030004477,0.133143524,20,0.008251673,0.039794254,279.6380615,-2.95084E-05,0.464814815,7.394296152,-3.373887804,17.27520978,4.161111111,-69.1,0.0213225,0.09488
Occipital,occipital_lobe_1202_cell21,-38.42163086,0.00268,9.857177734,-54.77905273,48.27880859,1.875055383,,0,4,0.006915158,0.047054583,208.3827209,-3.31849E-05,0.083333333,2.888997396,-1.688639323,16.69311523,12.98333333,-51.8,0.0202525,0.022545
Occipital,occipital_lobe_1202_cell22,-37.67903646,0.00153,3.902859158,-50.46251085,41.58189562,1.944445059,0.022530012,0.100526478,18,0.005443906,0.030533957,137.6872253,-3.95382E-05,0.277777778,4.655626085,-2.326117622,15.00447591,5.294444444,-49.1,0.017646667,0.019523333
Occipital,occipital_lobe_1202_cell23,-41.78619385,0.02603,27.39715576,-51.97906494,69.18334961,2.180368374,0.195173143,0.303542978,8,0.015723189,0.014190982,357.0333862,-4.40384E-05,1.216666667,3.590901693,-1.637776693,11.72892253,8.683333333,-53.1,0.063425,0.067955
Occipital,occipital_lobe_1202_cell24,-34.04017857,0.00783,-1.460484096,-47.7469308,32.57969448,2.05450938,0.018436487,0.115132483,28,0.01241234,0.027138262,211.5422058,-5.86755E-05,0.446153846,7.493239183,-4.063532903,22.40694486,3.334615385,-56.7,0.0286,0.030623333
Occipital,occipital_lobe_1202_cell26,-36.65559188,0.00188,13.6745287,-52.55259638,50.33012058,1.883434305,0.009723276,0.102331625,46,0.009443579,0.031100292,180.5656433,-5.23E-05,0.535714286,7.4332101,-3.893171038,22.73123605,3.625,-57.7,0.01735,0.02002
Occipital,occipital_lobe_1202_cell7,-42.0627594,0.01053,12.76397705,-54.64070638,54.82673645,2.198590854,0.02902759,0.205040251,32,0.013623701,0.017066968,322.0783997,-4.22993E-05,0.65,6.731305804,-3.003801618,15.67731585,4.5,-67.4,0.0145675,0.022306667
Occipital,occipital_lobe_1206_cell11,-40.55786133,0.08173,25.1159668,-48.79760742,65.67382813,2.228571429,,,2,0.014575809,0.058737633,140.158844,-0.000103995,1.258333333,4.455566406,-2.058241102,8.63817003,24.975,-58.6,0.09342,0.091765
Occipital,occipital_lobe_1206_cell14,-36.65771484,0.02963,28.93676758,-44.68536377,65.59448242,3.078559183,0.05217439,0.142579066,10,0.006569127,0.04135673,149.5323181,-4.39312E-05,1.871428571,3.845214844,-1.232328869,10.23501442,24.91190476,-59.1,0.06365,0.065203333
Occipital,occipital_lobe_1206_cell15,-35.23137019,0.00618,21.48672251,-48.02058293,56.7180927,1.978804017,0.010467036,0.132982799,26,0.007433296,0.041174824,187.1601868,-3.97162E-05,0.57037037,6.244800709,-3.269901982,16.03868273,4.427777778,-62.3,0.061310417,0.072776944
Occipital,occipital_lobe_1206_cell2,-37.73117065,0.02678,11.24954224,-42.95131138,48.98071289,2.295007507,0.124565121,0.382173949,16,0.021151095,0.02138092,344.6800232,-6.13644E-05,1.519230769,3.211388221,-1.363900992,8.326603816,26.63076923,-58.7,0.0177225,0.04508
Occipital,occipital_lobe_1206_cell3,-34.16442871,0.01528,12.50712077,-45.76619466,46.67154948,2.268126943,0.054747325,0.146971931,12,0.024412027,0.115751226,418.0844116,-5.83902E-05,1.277777778,2.583821615,-1.071506076,12.21042209,40.43888889,-59.5,0.05002,0.058713333
Occipital,occipital_lobe_1206_cell7,-37.87231445,0.00868,20.30639648,-44.00295681,58.17871094,3.189404989,0.039333274,0.164519971,20,0.013010468,0.023279352,293.1350708,-4.43839E-05,1.446,4.420166016,-1.427001953,9.996337891,24.878,-51.8,0.043865,0.0557775
Occipital,occipital_lobe_1206_cell8,-37.12463379,0.010433,33.9050293,-47.51586914,71.02966309,2.929121726,,0,4,0.017979966,0.067195846,215.1779175,-8.35586E-05,1.661538462,4.502516526,-1.544658954,13.07795598,25.76153846,-54.2,0.04592,0.070916667
Occipital,occipital_lobe_1206_cell9,-46.51184082,0.00143,22.26867676,-54.19921875,68.78051758,2.72599837,0.048722845,0.209079304,20,0.016514965,0.108726342,279.4604492,-5.90959E-05,1.35625,5.041599274,-1.54542923,8.637428284,25.24296875,-64.7,0.042885,0.059173333
Temporal,temporal_lobe_0704_cell2,-41.87011719,0.01853,53.9855957,-48.79760742,95.85571289,3.742857143,,,2,0.027443987,0.091176248,163.3207703,-0.000168037,1.31,5.76171875,-1.931762695,10.65368652,21.23,-72.8,0.022515,0.06036
Temporal,temporal_lobe_0704_cell3,-36.61499023,0.01363,22.03674316,-44.35119629,58.6517334,2.179818874,0.036133343,0.311589441,40,0.032562657,0.014050849,303.9425659,-0.000107134,1.075,6.820678711,-2.166748047,10.45227051,6.025,-70.5,0.01093,0.017036667
Temporal,temporal_lobe_0706_cell1,-36.61499023,0.00618,-5.37109375,,64.60571289,,,,2,0.026067657,0.117916615,202.902832,-0.000128474,0.69375,4.993438721,-1.361846924,26.58081055,25.48125,-50.4,0.05142,
Temporal,temporal_lobe_0706_cell7,-23.27575684,0.01778,45.09277344,-38.60473633,68.36853027,2.819749956,0.056492096,0.232223439,20,0.023141746,0.008446778,135.7911682,-0.000170422,1.533333333,5.655924479,-1.963297526,20.31453451,9.3,-64.88,0.05105,0.07056
Temporal,temporal_lobe_0909_cell1,-23.84440104,0.03648,34.98840332,-38.7512207,58.83280436,5.588763539,0.141534346,0.325565527,12,0.010837202,0.034194154,294.034729,-3.68569E-05,2.13,3.784179688,-0.903320313,17.84667969,25.88,-67.3,0.034286,0.042851
Temporal,temporal_lobe_0909_cell7,-33.17260742,,32.16552734,,65.33813477,,,,2,0.023141746,0.008446778,135.7911682,-0.000170422,2.45,4.150390625,-0.732421875,21.61661784,26.25,-64.5,0.107052155,
Temporal,temporal_lobe_0909_cell8,-37.87667411,0.01203,28.25055804,-50.90840658,66.12723214,5.037477477,0.045254789,0.140330918,14,0.028110299,0.035964522,258.8612366,-0.000108592,2.075,3.829956055,-0.734329224,15.81954956,25.621875,-59.4,0.0551868,0.0859
Temporal,temporal_lobe_0909_cell9,-33.41674805,,40.7409668,,74.15771484,,,,2,0.015335964,0.008509998,106.5603638,-0.000143918,1.685714286,5.780901228,-0.93296596,15.70783343,25.38571429,-68.1,0.10582,
Temporal,temporal_lobe_1109_cell10,-37.75024414,0.09988,59.11254883,-46.23413086,96.86279297,4.862068966,,,2,0.019837132,0.036741977,56.98272705,-0.000348125,1.183333333,10.7421875,-2.380371094,12.58850098,23.7,-69.7,0.125155,
Temporal,temporal_lobe_1109_cell11,-28.5949707,,46.05102539,-38.0859375,74.64599609,4.290909091,,,2,0.020824142,0.013256875,71.18713379,-0.000292527,1.476923077,8.502666767,-1.962515024,9.843092698,25.34230769,-66.4,0.171246667,0.17873
Temporal,temporal_lobe_1109_cell12,-31.99768066,,59.76867676,-40.00854492,91.76635742,4.642512973,,0,4,0.019874574,0.029046982,59.51263428,-0.000333956,1.566666667,8.663601345,-1.875135634,9.904649523,15.20555556,-68.2,0.183395,0.19788
Temporal,temporal_lobe_1109_cell13,-36.51428223,0.010318,42.95349121,-44.90661621,79.46777344,3.722171946,,0,4,0.028110299,0.035964522,258.8612366,-0.000108592,1.15,10.3129069,-2.19523112,13.15917969,23.85333333,-64.7,0.076964667,0.132733333
Temporal,temporal_lobe_1109_cell14,-34.03218587,0.03763,29.55118815,-42.35839844,63.58337402,3.873950797,0.071640058,0.185857672,12,0.016269067,0.025804936,177.2123718,-9.18055E-05,1.158823529,9.600471048,-1.845415901,14.1547708,24.92352941,-65.3,0.050533333,0.0516211
Temporal,temporal_lobe_1109_cell2,-33.9050293,0.010953,54.29077148,-44.03686523,88.19580078,4.311688312,,,2,0.010873605,0.053213263,57.38464355,-0.000189486,1.15,10.25390625,-2.365112305,8.7890625,13.15,-52.4,,
Temporal,temporal_lobe_1109_cell3,-35.68522135,0.05783,49.24519857,-46.25447591,84.93041992,4.073272358,0.135615829,0.135615829,6,0.018657261,0.057893112,74.10263062,-0.000251776,1.15,9.780883789,-2.44140625,11.52038574,22.5,-64.6,0.103588,0.110965
Temporal,temporal_lobe_1109_cell6,-27.80151367,,48.06518555,-37.04833984,75.86669922,3.106666667,,,2,0.022282933,0.018858721,108.712616,-0.000204971,1.65,6.815592448,-2.05485026,9.735107422,7.166666667,-63.8,0.146745,0.20167
Temporal,temporal_lobe_1109_cell7,-36.65559188,0.00188,13.6745287,-52.55259638,50.33012058,1.883434305,0.009723276,0.102331625,46,0.009443579,0.031100292,180.5656433,-5.23E-05,1.2,8.799235026,-1.759847005,12.89876302,8.4,-55.51,,
Temporal,temporal_lobe_1109_cell9,-33.27287946,0.00418,8.449009487,-52.21557617,41.72188895,1.494968187,-0.016120843,0.101267193,14,0.010202718,0.139550536,146.8861389,-6.946E-05,0.192857143,7.315499442,-3.784179688,18.49365234,3.728571429,-57.1,0.014426,
Temporal,temporal_lobe_1118_cell11,-36.10229492,0.04468,21.30126953,-45.74584961,57.40356445,3.614407814,0.17435269,0.278734272,8,0.01941187,0.054948051,339.0437317,-5.72548E-05,1.925,3.509521484,-0.923156738,13.5345459,28.525,-53.6,0.044232,0.064846
Temporal,temporal_lobe_1118_cell12,-38.31481934,0.01603,39.9424235,-49.87589518,78.25724284,3.468051168,0.066982777,0.184335606,12,0.019874764,0.016235893,142.7612305,-0.000139217,1.216666667,7.136027018,-2.344767253,15.1570638,7.508333333,-54.7,0.063576,0.056305
Temporal,temporal_lobe_1118_cell13,-39.60927327,0.00533,19.39137777,-55.84716797,59.00065104,1.937429529,0.016456934,0.399806797,24,0.010224625,0.045018577,146.3673401,-6.98559E-05,0.005,6.860351563,-3.234863281,16.47033691,15.915,-63.2,0.0337925,0.046485
Temporal,temporal_lobe_1118_cell14,-49.949646,0.02548,14.20593262,-61.31744385,64.15557861,2.163465131,0.444573269,1.263439582,8,0.008034048,0.047299894,186.836853,-4.30003E-05,0.225,8.827209473,-4.135131836,11.60430908,3.45,-53.8,0.009474,0.010942
Temporal,temporal_lobe_1118_cell15,-46.14257813,0.02228,15.06890191,-59.42789714,61.21148003,2.296245886,0.106433642,0.384452076,18,0.006423574,0.024022842,212.3286438,-3.0253E-05,0.346428571,12.44681222,-5.144391741,15.93235561,3.964285714,-56.9,0.010593333,0.022433333
Temporal,temporal_lobe_1118_cell18,-43.09082031,0.01693,27.02162001,-51.92396376,70.11244032,2.945292725,0.053823301,0.245134301,18,0.016700041,0.16133868,220.5006409,-7.57369E-05,0.95,7.394229665,-2.048268038,15.186983,19.89411765,-55.3,0.044072,0.0296725
Temporal,temporal_lobe_1118_cell19,-41.01053874,0.03108,28.70178223,-52.88085938,69.71232096,4.037417027,0.101900666,0.278059302,12,0.018031522,0.008093782,403.9738464,-4.46354E-05,1.73125,2.475738525,-0.858306885,9.574890137,38.625,-54.5,0.03713,0.0606
Temporal,temporal_lobe_1118_cell20,-44.87609863,0.00533,11.62872314,-54.63256836,56.50482178,2.430976469,0.012895203,0.128483755,40,0.007129105,0.063625867,204.5487976,-3.48528E-05,0.215,7.513427734,-2.944946289,11.77062988,11.355,-54,0.028784,0.02571875
Temporal,temporal_lobe_1118_cell5,-39.0625,0.01733,25.14987522,-45.84079319,64.21237522,3.336675142,0.021304818,0.109166703,18,0.012117153,0.019319539,241.0562134,-5.02669E-05,1.259090909,3.947864879,-1.398259943,8.700284091,24.91818182,-64.1,0.0505925,0.04937
Temporal,temporal_lobe_1118_cell6,-37.05342611,0.04768,26.48925781,-43.26171875,63.54268392,3.738929766,0.187195623,0.463849741,12,0.015744192,0.014934675,276.8740845,-5.68641E-05,1.940909091,3.931218928,-0.973788175,9.798916903,25.35454545,-60.5,0.02538,0.04839
Temporal,temporal_lobe_1118_cell8,-37.15297154,0.02653,23.55521066,-44.73368327,60.7081822,3.961190932,0.033206403,0.142748383,14,0.018316272,0.259861589,241.819458,-7.57436E-05,0.35,10.65063477,-4.913330078,8.056640625,5.4,-51.1,0.0108392,0.0120575
