Height,Width,soma_surface_area,axon_total_length,dentrite_exiting_soma,dentrite_total_length,dentrite_mean_length,dentrite_node_number,dentrite_ending_number,dendritic_field_area,pixel_size,pixel_len,Filename,region,Soma_w,Soma_h,zoom_ratio,morphology
1024,1024,4.38E-05,0.139655172,5,1.21637931,0.243275862,13,11,0.024149078,58,0.000862069,frontal_lobe_1207_slice1_local1_roi1_cell3.tif,frontal_,501,474,2,BC
1024,1024,8.77E-05,0.087162162,4,1.236486486,0.309121622,12,14,0.016722973,74,0.000675676,frontal_lobe_1207_slice1_local1_roi1_cell6.tif,frontal_,837,367,2.551724138,BC
1024,1024,6.84E-05,0.123275862,3,1.414655172,0.471551724,21,19,0.022983799,58,0.000862069,frontal_lobe_1207_slice1_local1_roi2_cell1.tif,frontal_,333,296,2,BC
1024,1024,8.47E-05,0.125862069,5,1.071551724,0.214310345,14,14,0.015300238,58,0.000862069,frontal_lobe_1207_slice1_local1_roi2_cell2.tif,frontal_,418,475,2,BC
1024,1024,9.59E-05,0.080172414,6,1.422413793,0.237068966,16,14,0.031521254,58,0.000862069,frontal_lobe_1207_slice1_local1_roi2_cell4.tif,frontal_,611,571,2,BC
1024,1024,7.40E-05,0.02972973,3,0.722972973,0.241013514,10,12,0.013176132,74,0.000675676,frontal_lobe_1207_slice1_local1_roi3_cell1.tif,frontal_,252,218,2.551724138,BC
1024,1024,9.44E-05,0.138793103,4,1.292241379,0.323103448,20,17,0.020271254,58,0.000862069,frontal_lobe_1207_slice1_local1_roi3_cell3.tif,frontal_,411,593,2,BC
1024,1024,8.17E-05,0.059459459,4,0.895945946,0.223986486,13,12,0.012211468,74,0.000675676,frontal_lobe_1207_slice1_local1_roi3_cell4.tif,frontal_,554,556,2.551724138,BC
1024,1024,6.47E-05,0.115517241,3,0.581034483,0.193706897,8,10,0.008331599,58,0.000862069,frontal_lobe_1207_slice1_local1_roi4_cell1.tif,frontal_,188,342,2,BC
1024,1024,0.000107759,0.237068966,5,0.996551724,0.199310345,7,11,0.026975327,58,0.000862069,frontal_lobe_1207_slice1_local1_roi4_cell2.tif,frontal_,392,505,2,BC
1024,1024,4.38E-05,0.082758621,4,1.011206897,0.252758621,9,14,0.023763377,58,0.000862069,frontal_lobe_1207_slice1_local2_roi1_cell2.tif,frontal_,539,515,2,BC
1024,1024,6.67E-05,0.169594595,4,1.110810811,0.277702703,16,16,0.024579529,74,0.000675676,frontal_lobe_1207_slice1_local2_roi1_cell5.tif,frontal_,608,442,2.551724138,BC
1024,1024,7.58E-05,0.143965517,6,1.287931034,0.214655172,19,17,0.023334572,58,0.000862069,frontal_lobe_1207_slice1_local2_roi2_cell1.tif,frontal_,264,359,2,BC
1024,1024,0.000105529,0.106034483,3,1.032758621,0.344224138,9,11,0.028511445,58,0.000862069,frontal_lobe_1207_slice1_local2_roi2_cell3.tif,frontal_,523,308,2,BC
1024,1024,0.000119649,0.13362069,5,1.001724138,0.200344828,12,11,0.028101219,58,0.000862069,frontal_lobe_1207_slice1_local2_roi2_cell5.tif,frontal_,495,630,2,BC
1024,1024,4.83E-05,0.076724138,5,0.644827586,0.128965517,11,14,0.007273335,58,0.000862069,frontal_lobe_1207_slice1_local2_roi3_cell4.tif,frontal_,267,755,2,BC
1024,1024,6.69E-05,0.130172414,4,0.980172414,0.245,12,15,0.016341409,58,0.000862069,frontal_lobe_1207_slice1_local2_roi4_cell3.tif,frontal_,692,660,2,BC
1024,1024,4.76E-05,0.068965517,4,0.817241379,0.204310345,10,10,0.010778092,58,0.000862069,frontal_lobe_1207_slice1_local2_roi5_cell1.tif,frontal_,268,345,2,BC
1024,1024,6.71E-05,0.083108108,5,0.636486486,0.127297297,14,9,0.009163623,74,0.000675676,frontal_lobe_1207_slice1_local2_roi5_cell4.tif,frontal_,908,367,2.551724138,BC
1024,1024,5.28E-05,0.056896552,7,0.801724138,0.114568966,12,14,0.009560048,58,0.000862069,frontal_lobe_1207_slice1_local3_roi1_cell3.tif,frontal_,699,647,2,BC
1024,1024,5.28E-05,0.095689655,5,0.755172414,0.151034483,7,13,0.008151011,58,0.000862069,frontal_lobe_1207_slice1_local3_roi2_cell4.tif,frontal_,471,455,2,BC
1024,1024,8.77E-05,0.070689655,11,1.140517241,0.103706897,15,19,0.016461058,58,0.000862069,frontal_lobe_1207_slice1_local3_roi2_cell6.tif,frontal_,737,520,2,BC
1024,1024,5.65E-05,0.10862069,3,0.963793103,0.321293103,13,15,0.014415131,58,0.000862069,frontal_lobe_1207_slice1_local3_roi3_cell1.tif,frontal_,408,464,2,BC
1024,1024,7.13E-05,0.106034483,3,0.877586207,0.2925,11,12,0.013415577,58,0.000862069,frontal_lobe_1207_slice1_local3_roi3_cell2.tif,frontal_,423,434,2,BC
1024,1024,4.98E-05,0.103448276,3,0.782758621,0.260948276,7,12,0.009905618,58,0.000862069,frontal_lobe_1207_slice1_local3_roi3_cell3.tif,frontal_,580,613,2,BC
1024,1024,8.47E-05,0.077586207,3,0.85,0.283362069,11,13,0.011536118,58,0.000862069,frontal_lobe_1207_slice1_local3_roi4_cell1.tif,frontal_,456,343,2,BC
1024,1024,5.95E-05,0.073275862,5,0.59137931,0.118275862,5,9,0.007575803,58,0.000862069,frontal_lobe_1207_slice1_local3_roi4_cell2.tif,frontal_,464,459,2,BC
1024,1024,8.17E-05,0.112068966,3,0.875,0.291637931,11,16,0.0180217,58,0.000862069,occipital_lobe_1205_slice1_local1_roi1_cell1.tif,occipita,305,261,2,BC
1024,1024,0.000100327,0.087068966,2,0.659482759,0.329741379,4,7,0.012665725,58,0.000862069,occipital_lobe_1205_slice1_local1_roi1_cell3.tif,occipita,571,662,2,BC
1024,1024,8.92E-05,0.1,5,0.990517241,0.198103448,11,17,0.01433264,58,0.000862069,occipital_lobe_1205_slice1_local1_roi1_cell4.tif,occipita,794,251,2,BC
1024,1024,0.000106272,0.088793103,2,0.656896552,0.328448276,4,7,0.012690993,58,0.000862069,occipital_lobe_1205_slice1_local1_roi1_cell5.tif,occipita,612,565,2,BC
1024,1024,9.59E-05,0.057758621,2,1.162931034,0.581465517,13,17,0.017268133,58,0.000862069,occipital_lobe_1205_slice1_local1_roi1_cell7.tif,occipita,249,789,2,BC
1024,1024,0.00010107,0.098275862,6,1.294827586,0.215775862,17,22,0.026250743,58,0.000862069,occipital_lobe_1205_slice1_local1_roi2_cell1.tif,occipita,353,254,2,BC
1024,1024,8.17E-05,0.100862069,2,1.340517241,0.670258621,23,22,0.027495541,58,0.000862069,occipital_lobe_1205_slice1_local1_roi2_cell2.tif,occipita,575,318,2,BC
1024,1024,9.66E-05,0.137068966,4,1.237068966,0.309310345,20,21,0.018751486,58,0.000862069,occipital_lobe_1205_slice1_local1_roi2_cell4.tif,occipita,814,353,2,BC
1024,1024,7.06E-05,0.046551724,4,0.860344828,0.215086207,17,18,0.012287455,58,0.000862069,occipital_lobe_1205_slice1_local1_roi2_cell5.tif,occipita,347,515,2,BC
1024,1024,8.77E-05,0.085344828,5,1.15,0.23,13,18,0.017115785,58,0.000862069,occipital_lobe_1205_slice1_local1_roi2_cell6.tif,occipita,570,507,2,BC
1024,1024,9.44E-05,0.067241379,5,1.2,0.24,16,19,0.02002824,58,0.000862069,occipital_lobe_1205_slice1_local1_roi2_cell9.tif,occipita,790,776,2,BC
1024,1024,0.000112218,0.165517241,3,1.707758621,0.569224138,23,24,0.044928656,58,0.000862069,occipital_lobe_1205_slice2_local1_roi1_cell1.tif,occipita,434,389,2,BC
1024,1024,0.000126338,0.121551724,5,1.003448276,0.200689655,9,13,0.024728002,58,0.000862069,occipital_lobe_1205_slice2_local1_roi1_cell12.tif,occipita,321,749,2,BC
1024,1024,5.80E-05,0.087068966,6,0.90862069,0.151465517,12,13,0.01566959,58,0.000862069,occipital_lobe_1205_slice2_local1_roi1_cell2.tif,occipita,740,358,2,BC
1024,1024,7.13E-05,0.143103448,3,1.06637931,0.355431034,12,14,0.028172562,58,0.000862069,occipital_lobe_1205_slice2_local1_roi1_cell3.tif,occipita,826,387,2,BC
1024,1024,8.92E-05,0.09137931,9,1.270689655,0.141206897,9,14,0.028406659,29,0.001724138,occipital_lobe_1205_slice2_local1_roi2_cell1.tif,occipita,616,436,1,BC
1024,1024,6.99E-05,0.075862069,4,0.955172414,0.238793103,17,17,0.014556332,58,0.000862069,occipital_lobe_1205_slice2_local1_roi3_cell1.tif,occipita,621,364,2,BC
1024,1024,8.77E-05,0.095689655,3,0.739655172,0.246551724,13,13,0.010096611,58,0.000862069,occipital_lobe_1205_slice2_local1_roi3_cell3.tif,occipita,288,472,2,BC
1024,1024,7.51E-05,0.095689655,4,0.771551724,0.192931034,12,14,0.013474287,58,0.000862069,occipital_lobe_1205_slice2_local1_roi3_cell4.tif,occipita,761,428,2,BC
1024,1024,7.28E-05,0.096551724,3,0.748275862,0.249396552,4,10,0.016985731,58,0.000862069,occipital_lobe_1205_slice2_local3_roi2_cell2.tif,occipita,757,250,2,BC
1024,1024,8.99E-05,0.120689655,2,0.934482759,0.467241379,10,11,0.021634958,58,0.000862069,occipital_lobe_1205_slice2_local3_roi2_cell3.tif,occipita,350,732,2,BC
1024,1024,5.72E-05,0.11637931,6,1.210344828,0.201724138,15,13,0.02216632,58,0.000862069,temporal_lobe_1208_slice1_local1_roi2_cell6.tif,temporal,624,383,2,BC
1024,1024,6.61E-05,0.064655172,5,1.037068966,0.207413793,14,15,0.010471165,58,0.000862069,temporal_lobe_1208_slice1_local1_roi2_cell8.tif,temporal,622,581,2,BC
1024,1024,6.24E-05,0.101724138,3,0.878448276,0.292844828,7,11,0.012068966,58,0.000862069,temporal_lobe_1208_slice1_local2_roi1_cell2.tif,temporal,403,429,2,BC
1024,1024,6.99E-05,0.131896552,6,0.821551724,0.136896552,12,8,0.007591409,58,0.000862069,temporal_lobe_1208_slice1_local2_roi1_cell3.tif,temporal,760,367,2,BC
1024,1024,6.32E-05,0.071551724,3,0.820689655,0.273534483,9,10,0.009342301,58,0.000862069,temporal_lobe_1208_slice1_local2_roi2_cell2.tif,temporal,377,484,2,BC
1024,1024,6.02E-05,0.105172414,5,0.921551724,0.184310345,9,11,0.021071641,58,0.000862069,temporal_lobe_1208_slice1_local2_roi2_cell3.tif,temporal,660,365,2,BC
1024,1024,0.000112218,0.312068966,3,1.310344828,0.436810345,19,20,0.016288644,58,0.000862069,temporal_lobe_1208_slice1_local2_roi2_cell4.tif,temporal,796,366,2,BC
1024,1024,9.22E-05,0.156034483,5,0.580172414,0.116034483,8,8,0.009864001,58,0.000862069,temporal_lobe_1208_slice2_local1_roi1_cell1.tif,temporal,190,565,2,BC
1024,1024,8.47E-05,0.111206897,4,0.856034483,0.213965517,6,8,0.01726962,58,0.000862069,temporal_lobe_1208_slice2_local1_roi1_cell2.tif,temporal,353,544,2,BC
1024,1024,6.69E-05,0.118965517,3,0.850862069,0.28362069,7,10,0.00893802,58,0.000862069,temporal_lobe_1208_slice2_local1_roi1_cell3.tif,temporal,424,538,2,BC
1024,1024,5.65E-05,0.065517241,3,1.181034483,0.393706897,8,14,0.01341632,58,0.000862069,temporal_lobe_1208_slice2_local1_roi1_cell4.tif,temporal,471,478,2,BC
1024,1024,5.80E-05,0.112931034,6,1.350862069,0.225172414,13,14,0.015494203,58,0.000862069,temporal_lobe_1208_slice2_local1_roi1_cell5.tif,temporal,594,455,2,BC
1024,1024,0.000135256,0.231896552,4,0.917241379,0.229310345,5,7,0.055592301,58,0.000862069,temporal_lobe_1208_slice2_local1_roi1_cell9.tif,temporal,678,618,2,BC
1024,1024,7.95E-05,0.182758621,4,0.750862069,0.187758621,6,10,0.010730529,58,0.000862069,temporal_lobe_1208_slice2_local1_roi2_cell1.tif,temporal,241,311,2,BC
1024,1024,0.000137485,0.060344828,2,0.672413793,0.336206897,9,11,0.010831599,58,0.000862069,temporal_lobe_1208_slice2_local1_roi2_cell3.tif,temporal,555,481,2,BC
1024,1024,5.65E-05,0.096551724,3,0.563793103,0.187931034,6,7,0.007608502,58,0.000862069,temporal_lobe_1208_slice2_local1_roi2_cell4.tif,temporal,648,497,2,BC
1024,1024,5.87E-05,0.151724138,9,1.455172414,0.161724138,15,17,0.017275565,58,0.000862069,temporal_lobe_1208_slice2_local1_roi2_cell5.tif,temporal,744,511,2,BC
1024,1024,0.000109245,0.137068966,4,1.361206897,0.340344828,16,15,0.020604935,58,0.000862069,temporal_lobe_1208_slice2_local2_roi1_cell1.tif,temporal,438,532,2,BC
1024,1024,6.09E-05,0.084482759,4,0.880172414,0.22,10,13,0.009172117,58,0.000862069,temporal_lobe_1208_slice2_local2_roi2_cell1.tif,temporal,281,363,2,BC
1024,1024,6.54E-05,0.093965517,5,1.379310345,0.275862069,13,19,0.01667286,58,0.000862069,temporal_lobe_1208_slice2_local2_roi2_cell2.tif,temporal,578,458,2,BC
1024,1024,6.84E-05,0.106896552,6,0.612068966,0.101982759,4,10,0.005546968,58,0.000862069,temporal_lobe_1208_slice2_local3_roi1_cell1.tif,temporal,304,276,2,BC
1024,1024,5.35E-05,0.103448276,8,0.925,0.115603448,10,13,0.010995838,58,0.000862069,temporal_lobe_1208_slice2_local3_roi1_cell2.tif,temporal,366,326,2,BC
1024,1024,0.000107015,0.068965517,3,0.990517241,0.330172414,9,15,0.015006688,58,0.000862069,temporal_lobe_1208_slice2_local3_roi1_cell3.tif,temporal,530,282,2,BC
1024,1024,0.000116677,0.175862069,3,0.78362069,0.261206897,11,13,0.015118906,58,0.000862069,temporal_lobe_1208_slice2_local3_roi1_cell4.tif,temporal,745,426,2,BC
1024,1024,7.80E-05,0.08362069,4,1.125,0.281206897,15,14,0.0251033,58,0.000862069,temporal_lobe_1208_slice2_local3_roi1_cell5.tif,temporal,692,529,2,BC
1024,1024,8.84E-05,0.085344828,5,1.03362069,0.206724138,15,14,0.01846091,58,0.000862069,temporal_lobe_1208_slice2_local3_roi1_cell6.tif,temporal,651,637,2,BC
1024,1024,5.20E-05,0.098275862,6,1.13362069,0.188965517,12,16,0.016035969,58,0.000862069,temporal_lobe_1208_slice2_local3_roi1_cell7.tif,temporal,590,757,2,BC
