Height,Width,soma_surface_area,axon_total_length,dentrite_exiting_soma,dentrite_total_length,dentrite_mean_length,dentrite_node_number,dentrite_ending_number,dendritic_field_area,pixel_size,pixel_len,Filename,region,Soma_w,Soma_h,ring_cross,ring_length,zoom_ratio
1024,1024,175.3864447,279.3103448,5,2432.758621,486.5517241,13,11,96596.31391,58,1.724137931,frontal_lobe_1207_slice1_local1_roi1_cell3.tif,frontal_,501,474,"[4, 5, 6, 8, 10, 9, 10, 9, 9, 9, 8, 7, 9, 8, 10, 10, 10, 9, 8, 8, 7, 7, 6, 4, 4, 3, 1, 1, 1, 1, 1, 1, 1, 1, 1, 1, 0, 0, 0, 0, 0, 0, 0, 0, 0, 0, 0, 0, 0]","[50.0, 72.41379310344827, 82.75862068965517, 155.17241379310343, 110.34482758620689, 162.06896551724137, 127.58620689655172, 113.79310344827586, 98.27586206896551, 100.0, 100.0, 93.10344827586206, 110.34482758620689, 103.44827586206895, 108.62068965517241, 110.34482758620689, 93.10344827586206, 87.93103448275862, 77.58620689655172, 79.3103448275862, 74.13793103448275, 65.51724137931033, 46.55172413793103, 36.206896551724135, 39.6551724137931, 24.137931034482758, 8.620689655172413, 10.344827586206897, 10.344827586206897, 10.344827586206897, 8.620689655172413, 10.344827586206897, 10.344827586206897, 10.344827586206897, 10.344827586206897, 0.0, 0.0, 0.0, 0.0, 0.0, 0.0, 0.0, 0.0, 0.0, 0.0, 0.0, 0.0, 0.0, 0.0]",2
1024,1024,350.6208912,174.3243243,4,2472.972973,618.2432432,12,14,66891.89189,74,1.351351351,frontal_lobe_1207_slice1_local1_roi1_cell6.tif,frontal_,837,367,"[2, 6, 7, 7, 10, 10, 12, 11, 12, 14, 13, 13, 13, 12, 11, 10, 9, 7, 7, 7, 4, 4, 4, 3, 3, 2, 1, 1, 1, 1, 0, 0, 0, 0, 0, 0, 0, 0, 0, 0, 0, 0, 0, 0, 0, 0, 0, 0, 0]","[56.75675675675676, 86.48648648648648, 78.37837837837837, 110.8108108108108, 131.08108108108107, 117.56756756756756, 120.27027027027027, 163.51351351351352, 168.9189189189189, 156.75675675675674, 170.27027027027026, 147.2972972972973, 148.64864864864865, 121.62162162162161, 101.35135135135135, 89.1891891891892, 77.02702702702703, 70.27027027027027, 70.27027027027027, 51.35135135135135, 40.54054054054054, 39.189189189189186, 36.486486486486484, 29.72972972972973, 20.27027027027027, 14.864864864864865, 10.81081081081081, 10.81081081081081, 9.45945945945946, 1.3513513513513513, 0.0, 0.0, 0.0, 0.0, 0.0, 0.0, 0.0, 0.0, 0.0, 0.0, 0.0, 0.0, 0.0, 0.0, 0.0, 0.0, 0.0, 0.0, 0.0]",2.551724138
1024,1024,273.4839477,246.5517241,3,2829.310345,943.1034483,21,19,91935.1962,58,1.724137931,frontal_lobe_1207_slice1_local1_roi2_cell1.tif,frontal_,333,296,"[1, 5, 5, 9, 8, 6, 8, 8, 10, 11, 11, 11, 17, 13, 15, 12, 10, 11, 9, 11, 8, 6, 4, 2, 1, 1, 0, 0, 0, 0, 0, 0, 0, 0, 0, 0, 0, 0, 0, 0, 0, 0, 0, 0, 0, 0, 0, 0, 0]","[29.310344827586206, 60.34482758620689, 87.93103448275862, 124.13793103448275, 82.75862068965517, 86.20689655172413, 84.48275862068965, 94.82758620689654, 165.51724137931035, 153.44827586206895, 125.86206896551724, 193.10344827586206, 205.17241379310343, 265.51724137931035, 218.9655172413793, 150.0, 125.86206896551724, 100.0, 96.55172413793103, 118.9655172413793, 112.06896551724137, 74.13793103448275, 39.6551724137931, 13.793103448275861, 10.344827586206897, 1.7241379310344827, 0.0, 0.0, 0.0, 0.0, 0.0, 0.0, 0.0, 0.0, 0.0, 0.0, 0.0, 0.0, 0.0, 0.0, 0.0, 0.0, 0.0, 0.0, 0.0, 0.0, 0.0, 0.0, 0.0]",2
1024,1024,338.882283,251.7241379,5,2143.103448,428.6206897,14,14,61200.95125,58,1.724137931,frontal_lobe_1207_slice1_local1_roi2_cell2.tif,frontal_,418,475,"[2, 4, 8, 10, 10, 11, 10, 9, 9, 10, 13, 13, 11, 10, 9, 10, 7, 5, 4, 4, 2, 2, 2, 2, 2, 2, 1, 0, 0, 0, 0, 0, 0, 0, 0, 0, 0, 0, 0, 0, 0, 0, 0, 0, 0, 0, 0, 0, 0]","[37.93103448275862, 74.13793103448275, 160.3448275862069, 112.06896551724137, 122.41379310344827, 129.3103448275862, 134.48275862068965, 117.24137931034483, 151.72413793103448, 131.03448275862067, 136.20689655172413, 124.13793103448275, 112.06896551724137, 101.72413793103448, 105.17241379310344, 96.55172413793103, 67.24137931034483, 41.37931034482759, 50.0, 29.310344827586206, 18.96551724137931, 18.96551724137931, 18.96551724137931, 17.241379310344826, 18.96551724137931, 13.793103448275861, 1.7241379310344827, 0.0, 0.0, 0.0, 0.0, 0.0, 0.0, 0.0, 0.0, 0.0, 0.0, 0.0, 0.0, 0.0, 0.0, 0.0, 0.0, 0.0, 0.0, 0.0, 0.0, 0.0, 0.0]",2
1024,1024,383.4720571,160.3448276,6,2844.827586,474.137931,16,14,126085.0178,58,1.724137931,frontal_lobe_1207_slice1_local1_roi2_cell4.tif,frontal_,611,571,"[3, 5, 8, 9, 11, 11, 9, 10, 11, 12, 12, 12, 13, 12, 11, 11, 12, 12, 10, 9, 8, 7, 6, 6, 6, 3, 3, 3, 3, 2, 0, 0, 0, 0, 0, 0, 0, 0, 0, 0, 0, 0, 0, 0, 0, 0, 0, 0, 0]","[70.6896551724138, 103.44827586206895, 113.79310344827586, 153.44827586206895, 131.03448275862067, 127.58620689655172, 118.9655172413793, 124.13793103448275, 117.24137931034483, 117.24137931034483, 134.48275862068965, 141.3793103448276, 137.9310344827586, 141.3793103448276, 148.2758620689655, 125.86206896551724, 120.68965517241378, 118.9655172413793, 98.27586206896551, 84.48275862068965, 74.13793103448275, 62.068965517241374, 60.34482758620689, 60.34482758620689, 44.82758620689655, 27.586206896551722, 29.310344827586206, 31.034482758620687, 20.689655172413794, 3.4482758620689653, 0.0, 0.0, 0.0, 0.0, 0.0, 0.0, 0.0, 0.0, 0.0, 0.0, 0.0, 0.0, 0.0, 0.0, 0.0, 0.0, 0.0, 0.0, 0.0]",2
1024,1024,295.8363769,59.45945946,3,1445.945946,482.027027,10,12,52704.52885,74,1.351351351,frontal_lobe_1207_slice1_local1_roi3_cell1.tif,frontal_,252,218,"[4, 3, 6, 7, 8, 8, 10, 11, 11, 11, 10, 11, 9, 7, 5, 4, 4, 4, 3, 1, 1, 1, 0, 0, 0, 0, 0, 0, 0, 0, 0, 0, 0, 0, 0, 0, 0, 0, 0, 0, 0, 0, 0, 0, 0, 0, 0, 0, 0]","[44.5945945945946, 62.16216216216216, 100.0, 89.1891891891892, 97.29729729729729, 102.7027027027027, 108.1081081081081, 105.4054054054054, 105.4054054054054, 109.45945945945945, 108.1081081081081, 91.89189189189189, 74.32432432432432, 55.4054054054054, 40.54054054054054, 37.83783783783784, 40.54054054054054, 33.78378378378378, 16.216216216216218, 9.45945945945946, 9.45945945945946, 1.3513513513513513, 0.0, 0.0, 0.0, 0.0, 0.0, 0.0, 0.0, 0.0, 0.0, 0.0, 0.0, 0.0, 0.0, 0.0, 0.0, 0.0, 0.0, 0.0, 0.0, 0.0, 0.0, 0.0, 0.0, 0.0, 0.0, 0.0, 0.0]",2.551724138
1024,1024,377.5267539,277.5862069,4,2584.482759,646.2068966,20,17,81085.01784,58,1.724137931,frontal_lobe_1207_slice1_local1_roi3_cell3.tif,frontal_,411,593,"[0, 5, 10, 12, 11, 9, 13, 14, 12, 13, 13, 11, 8, 9, 10, 10, 10, 7, 7, 7, 6, 5, 5, 4, 4, 3, 2, 2, 1, 0, 0, 0, 0, 0, 0, 0, 0, 0, 0, 0, 0, 0, 0, 0, 0, 0, 0, 0, 0]","[43.103448275862064, 77.58620689655172, 167.24137931034483, 132.75862068965517, 150.0, 124.13793103448275, 186.20689655172413, 181.03448275862067, 132.75862068965517, 151.72413793103448, 134.48275862068965, 110.34482758620689, 98.27586206896551, 113.79310344827586, 117.24137931034483, 106.89655172413792, 82.75862068965517, 72.41379310344827, 65.51724137931033, 60.34482758620689, 50.0, 50.0, 39.6551724137931, 39.6551724137931, 36.206896551724135, 24.137931034482758, 22.413793103448274, 12.068965517241379, 1.7241379310344827, 0.0, 0.0, 0.0, 0.0, 0.0, 0.0, 0.0, 0.0, 0.0, 0.0, 0.0, 0.0, 0.0, 0.0, 0.0, 0.0, 0.0, 0.0, 0.0, 0.0]",2
1024,1024,326.880935,118.9189189,4,1791.891892,447.972973,13,12,48845.8729,74,1.351351351,frontal_lobe_1207_slice1_local1_roi3_cell4.tif,frontal_,554,556,"[3, 4, 7, 8, 7, 7, 9, 11, 9, 8, 9, 9, 9, 8, 7, 8, 8, 7, 6, 4, 4, 1, 1, 1, 1, 1, 1, 1, 0, 0, 0, 0, 0, 0, 0, 0, 0, 0, 0, 0, 0, 0, 0, 0, 0, 0, 0, 0, 0]","[36.486486486486484, 64.86486486486487, 85.13513513513513, 87.83783783783784, 87.83783783783784, 110.8108108108108, 150.0, 131.08108108108107, 94.5945945945946, 95.94594594594594, 89.1891891891892, 91.89189189189189, 90.54054054054053, 86.48648648648648, 81.08108108108108, 77.02702702702703, 79.72972972972973, 66.21621621621621, 54.05405405405405, 50.0, 14.864864864864865, 10.81081081081081, 9.45945945945946, 10.81081081081081, 9.45945945945946, 9.45945945945946, 10.81081081081081, 5.405405405405405, 0.0, 0.0, 0.0, 0.0, 0.0, 0.0, 0.0, 0.0, 0.0, 0.0, 0.0, 0.0, 0.0, 0.0, 0.0, 0.0, 0.0, 0.0, 0.0, 0.0, 0.0]",2.551724138
1024,1024,258.6206897,231.0344828,3,1162.068966,387.4137931,8,10,33326.39715,58,1.724137931,frontal_lobe_1207_slice1_local1_roi4_cell1.tif,frontal_,188,342,"[2, 3, 5, 7, 9, 9, 9, 8, 9, 8, 7, 7, 6, 5, 4, 2, 1, 1, 1, 0, 0, 0, 0, 0, 0, 0, 0, 0, 0, 0, 0, 0, 0, 0, 0, 0, 0, 0, 0, 0, 0, 0, 0, 0, 0, 0, 0, 0, 0]","[31.034482758620687, 53.44827586206896, 82.75862068965517, 94.82758620689654, 113.79310344827586, 105.17241379310344, 96.55172413793103, 94.82758620689654, 105.17241379310344, 67.24137931034483, 81.03448275862068, 68.9655172413793, 51.72413793103448, 48.275862068965516, 27.586206896551722, 15.517241379310343, 8.620689655172413, 10.344827586206897, 1.7241379310344827, 0.0, 0.0, 0.0, 0.0, 0.0, 0.0, 0.0, 0.0, 0.0, 0.0, 0.0, 0.0, 0.0, 0.0, 0.0, 0.0, 0.0, 0.0, 0.0, 0.0, 0.0, 0.0, 0.0, 0.0, 0.0, 0.0, 0.0, 0.0, 0.0, 0.0]",2
1024,1024,431.0344828,474.137931,5,1993.103448,398.6206897,7,11,107901.308,58,1.724137931,frontal_lobe_1207_slice1_local1_roi4_cell2.tif,frontal_,392,505,"[1, 3, 6, 6, 9, 9, 9, 9, 9, 10, 10, 10, 10, 9, 8, 9, 6, 6, 4, 3, 3, 2, 2, 2, 2, 2, 2, 2, 2, 2, 2, 2, 2, 2, 1, 1, 1, 1, 1, 0, 0, 0, 0, 0, 0, 0, 0, 0, 0]","[25.86206896551724, 60.34482758620689, 84.48275862068965, 96.55172413793103, 120.68965517241378, 100.0, 96.55172413793103, 91.37931034482759, 112.06896551724137, 98.27586206896551, 98.27586206896551, 103.44827586206895, 103.44827586206895, 106.89655172413792, 93.10344827586206, 63.79310344827586, 62.068965517241374, 48.275862068965516, 39.6551724137931, 27.586206896551722, 25.86206896551724, 20.689655172413794, 20.689655172413794, 20.689655172413794, 20.689655172413794, 17.241379310344826, 34.48275862068965, 27.586206896551722, 22.413793103448274, 32.75862068965517, 20.689655172413794, 17.241379310344826, 20.689655172413794, 13.793103448275861, 12.068965517241379, 10.344827586206897, 10.344827586206897, 10.344827586206897, 1.7241379310344827, 0.0, 0.0, 0.0, 0.0, 0.0, 0.0, 0.0, 0.0, 0.0, 0.0]",2
1024,1024,175.3864447,165.5172414,4,2022.413793,505.5172414,9,14,95053.50773,58,1.724137931,frontal_lobe_1207_slice1_local2_roi1_cell2.tif,frontal_,539,515,"[4, 4, 8, 6, 7, 9, 10, 11, 11, 12, 12, 11, 9, 9, 9, 9, 7, 6, 5, 5, 5, 4, 2, 0, 0, 0, 0, 0, 0, 0, 0, 0, 0, 0, 0, 0, 0, 0, 0, 0, 0, 0, 0, 0, 0, 0, 0, 0, 0]","[34.48275862068965, 86.20689655172413, 77.58620689655172, 94.82758620689654, 100.0, 118.9655172413793, 172.41379310344826, 132.75862068965517, 118.9655172413793, 146.55172413793102, 150.0, 110.34482758620689, 98.27586206896551, 103.44827586206895, 100.0, 68.9655172413793, 63.79310344827586, 51.72413793103448, 46.55172413793103, 50.0, 43.103448275862064, 32.75862068965517, 12.068965517241379, 0.0, 0.0, 0.0, 0.0, 0.0, 0.0, 0.0, 0.0, 0.0, 0.0, 0.0, 0.0, 0.0, 0.0, 0.0, 0.0, 0.0, 0.0, 0.0, 0.0, 0.0, 0.0, 0.0, 0.0, 0.0, 0.0]",2
1024,1024,266.6179693,339.1891892,4,2221.621622,555.4054054,16,16,98318.11541,74,1.351351351,frontal_lobe_1207_slice1_local2_roi1_cell5.tif,frontal_,608,442,"[3, 7, 7, 10, 10, 12, 13, 11, 12, 12, 12, 12, 13, 12, 12, 11, 11, 7, 6, 3, 3, 1, 1, 1, 1, 1, 1, 1, 0, 0, 0, 0, 0, 0, 0, 0, 0, 0, 0, 0, 0, 0, 0, 0, 0, 0, 0, 0, 0]","[62.16216216216216, 70.27027027027027, 97.29729729729729, 108.1081081081081, 152.7027027027027, 129.72972972972974, 133.78378378378378, 112.16216216216216, 141.8918918918919, 135.13513513513513, 121.62162162162161, 125.67567567567568, 132.43243243243242, 118.91891891891892, 120.27027027027027, 118.91891891891892, 95.94594594594594, 62.16216216216216, 32.432432432432435, 27.027027027027025, 14.864864864864865, 9.45945945945946, 12.162162162162161, 16.216216216216218, 12.162162162162161, 12.162162162162161, 20.27027027027027, 0.0, 0.0, 0.0, 0.0, 0.0, 0.0, 0.0, 0.0, 0.0, 0.0, 0.0, 0.0, 0.0, 0.0, 0.0, 0.0, 0.0, 0.0, 0.0, 0.0, 0.0, 0.0]",2.551724138
1024,1024,303.2104637,287.9310345,6,2575.862069,429.3103448,19,17,93338.28775,58,1.724137931,frontal_lobe_1207_slice1_local2_roi2_cell1.tif,frontal_,264,359,"[3, 6, 5, 9, 10, 14, 14, 15, 15, 15, 15, 14, 12, 11, 11, 10, 8, 5, 5, 5, 3, 2, 2, 1, 1, 1, 1, 0, 0, 0, 0, 0, 0, 0, 0, 0, 0, 0, 0, 0, 0, 0, 0, 0, 0, 0, 0, 0, 0]","[60.34482758620689, 103.44827586206895, 113.79310344827586, 129.3103448275862, 170.68965517241378, 212.06896551724137, 198.2758620689655, 227.58620689655172, 168.9655172413793, 151.72413793103448, 160.3448275862069, 155.17241379310343, 118.9655172413793, 103.44827586206895, 98.27586206896551, 86.20689655172413, 75.86206896551724, 58.62068965517241, 50.0, 39.6551724137931, 20.689655172413794, 20.689655172413794, 17.241379310344826, 8.620689655172413, 10.344827586206897, 10.344827586206897, 3.4482758620689653, 0.0, 0.0, 0.0, 0.0, 0.0, 0.0, 0.0, 0.0, 0.0, 0.0, 0.0, 0.0, 0.0, 0.0, 0.0, 0.0, 0.0, 0.0, 0.0, 0.0, 0.0, 0.0]",2
1024,1024,422.1165279,212.0689655,3,2065.517241,688.4482759,9,11,114045.7788,58,1.724137931,frontal_lobe_1207_slice1_local2_roi2_cell3.tif,frontal_,523,308,"[1, 3, 3, 5, 5, 7, 8, 8, 10, 12, 12, 13, 10, 10, 9, 7, 7, 6, 7, 5, 5, 5, 5, 4, 3, 2, 2, 0, 0, 0, 0, 0, 0, 0, 0, 0, 0, 0, 0, 0, 0, 0, 0, 0, 0, 0, 0, 0, 0]","[22.413793103448274, 34.48275862068965, 44.82758620689655, 51.72413793103448, 101.72413793103448, 112.06896551724137, 105.17241379310344, 139.65517241379308, 127.58620689655172, 143.10344827586206, 160.3448275862069, 146.55172413793102, 112.06896551724137, 110.34482758620689, 77.58620689655172, 68.9655172413793, 70.6896551724138, 70.6896551724138, 62.068965517241374, 48.275862068965516, 51.72413793103448, 60.34482758620689, 44.82758620689655, 31.034482758620687, 20.689655172413794, 29.310344827586206, 13.793103448275861, 0.0, 0.0, 0.0, 0.0, 0.0, 0.0, 0.0, 0.0, 0.0, 0.0, 0.0, 0.0, 0.0, 0.0, 0.0, 0.0, 0.0, 0.0, 0.0, 0.0, 0.0, 0.0]",2
1024,1024,478.5969084,267.2413793,5,2003.448276,400.6896552,12,11,112404.8751,58,1.724137931,frontal_lobe_1207_slice1_local2_roi2_cell5.tif,frontal_,495,630,"[2, 4, 7, 7, 10, 9, 10, 10, 11, 10, 11, 11, 11, 9, 9, 9, 6, 6, 6, 6, 5, 4, 3, 2, 1, 0, 0, 0, 0, 0, 0, 0, 0, 0, 0, 0, 0, 0, 0, 0, 0, 0, 0, 0, 0, 0, 0, 0, 0]","[31.034482758620687, 67.24137931034483, 113.79310344827586, 118.9655172413793, 143.10344827586206, 108.62068965517241, 103.44827586206895, 108.62068965517241, 113.79310344827586, 117.24137931034483, 122.41379310344827, 112.06896551724137, 112.06896551724137, 106.89655172413792, 106.89655172413792, 65.51724137931033, 60.34482758620689, 62.068965517241374, 63.79310344827586, 44.82758620689655, 46.55172413793103, 27.586206896551722, 25.86206896551724, 17.241379310344826, 3.4482758620689653, 0.0, 0.0, 0.0, 0.0, 0.0, 0.0, 0.0, 0.0, 0.0, 0.0, 0.0, 0.0, 0.0, 0.0, 0.0, 0.0, 0.0, 0.0, 0.0, 0.0, 0.0, 0.0, 0.0, 0.0]",2
1024,1024,317.7501826,120.2702703,5,1998.648649,399.7297297,11,13,91711.10299,74,1.351351351,frontal_lobe_1207_slice1_local2_roi3_cell1(L5).tif,frontal_,275,714,"[2, 5, 6, 8, 8, 11, 9, 8, 9, 9, 8, 7, 7, 7, 7, 5, 4, 4, 4, 4, 3, 4, 4, 4, 6, 3, 3, 3, 3, 3, 2, 2, 2, 2, 1, 0, 0, 0, 0, 0, 0, 0, 0, 0, 0, 0, 0, 0, 0]","[60.81081081081081, 68.91891891891892, 87.83783783783784, 95.94594594594594, 109.45945945945945, 113.51351351351352, 102.7027027027027, 93.24324324324324, 93.24324324324324, 77.02702702702703, 64.86486486486487, 72.97297297297297, 82.43243243243244, 70.27027027027027, 59.45945945945946, 44.5945945945946, 40.54054054054054, 36.486486486486484, 47.2972972972973, 27.027027027027025, 41.89189189189189, 41.89189189189189, 45.945945945945944, 95.94594594594594, 35.13513513513514, 39.189189189189186, 28.37837837837838, 32.432432432432435, 43.24324324324324, 40.54054054054054, 28.37837837837838, 27.027027027027025, 24.324324324324323, 12.162162162162161, 6.756756756756756, 0.0, 0.0, 0.0, 0.0, 0.0, 0.0, 0.0, 0.0, 0.0, 0.0, 0.0, 0.0, 0.0, 0.0]",2.551724138
1024,1024,193.2223543,153.4482759,5,1289.655172,257.9310345,11,14,29093.34126,58,1.724137931,frontal_lobe_1207_slice1_local2_roi3_cell4.tif,frontal_,267,755,"[4, 6, 9, 10, 11, 10, 11, 13, 11, 5, 4, 5, 0, 0, 0, 0, 0, 0, 0, 0, 0, 0, 0, 0, 0, 0, 0, 0, 0, 0, 0, 0, 0, 0, 0, 0, 0, 0, 0, 0, 0, 0, 0, 0, 0, 0, 0, 0, 0]","[65.51724137931033, 118.9655172413793, 174.13793103448276, 153.44827586206895, 134.48275862068965, 150.0, 129.3103448275862, 120.68965517241378, 96.55172413793103, 67.24137931034483, 58.62068965517241, 8.620689655172413, 0.0, 0.0, 0.0, 0.0, 0.0, 0.0, 0.0, 0.0, 0.0, 0.0, 0.0, 0.0, 0.0, 0.0, 0.0, 0.0, 0.0, 0.0, 0.0, 0.0, 0.0, 0.0, 0.0, 0.0, 0.0, 0.0, 0.0, 0.0, 0.0, 0.0, 0.0, 0.0, 0.0, 0.0, 0.0, 0.0, 0.0]",2
1024,1024,267.5386445,260.3448276,4,1960.344828,490,12,15,65365.63615,58,1.724137931,frontal_lobe_1207_slice1_local2_roi4_cell3.tif,frontal_,692,660,"[1, 5, 6, 10, 11, 10, 9, 12, 11, 13, 13, 13, 11, 9, 8, 6, 6, 4, 3, 3, 2, 0, 0, 0, 0, 0, 0, 0, 0, 0, 0, 0, 0, 0, 0, 0, 0, 0, 0, 0, 0, 0, 0, 0, 0, 0, 0, 0, 0]","[37.93103448275862, 62.068965517241374, 167.24137931034483, 122.41379310344827, 113.79310344827586, 150.0, 141.3793103448276, 125.86206896551724, 134.48275862068965, 141.3793103448276, 146.55172413793102, 115.51724137931033, 103.44827586206895, 91.37931034482759, 74.13793103448275, 63.79310344827586, 60.34482758620689, 34.48275862068965, 31.034482758620687, 27.586206896551722, 10.344827586206897, 0.0, 0.0, 0.0, 0.0, 0.0, 0.0, 0.0, 0.0, 0.0, 0.0, 0.0, 0.0, 0.0, 0.0, 0.0, 0.0, 0.0, 0.0, 0.0, 0.0, 0.0, 0.0, 0.0, 0.0, 0.0, 0.0, 0.0, 0.0]",2
1024,1024,190.2497027,137.9310345,4,1634.482759,408.6206897,10,10,43112.36623,58,1.724137931,frontal_lobe_1207_slice1_local2_roi5_cell1.tif,frontal_,268,345,"[4, 5, 6, 8, 10, 9, 10, 8, 9, 9, 9, 9, 8, 7, 6, 4, 2, 1, 0, 0, 0, 0, 0, 0, 0, 0, 0, 0, 0, 0, 0, 0, 0, 0, 0, 0, 0, 0, 0, 0, 0, 0, 0, 0, 0, 0, 0, 0, 0]","[56.89655172413793, 101.72413793103448, 167.24137931034483, 124.13793103448275, 143.10344827586206, 122.41379310344827, 108.62068965517241, 98.27586206896551, 106.89655172413792, 158.6206896551724, 110.34482758620689, 94.82758620689654, 84.48275862068965, 60.34482758620689, 43.103448275862064, 25.86206896551724, 13.793103448275861, 1.7241379310344827, 0.0, 0.0, 0.0, 0.0, 0.0, 0.0, 0.0, 0.0, 0.0, 0.0, 0.0, 0.0, 0.0, 0.0, 0.0, 0.0, 0.0, 0.0, 0.0, 0.0, 0.0, 0.0, 0.0, 0.0, 0.0, 0.0, 0.0, 0.0, 0.0, 0.0, 0.0]",2
1024,1024,268.4441198,166.2162162,5,1272.972973,254.5945946,14,9,36654.49233,74,1.351351351,frontal_lobe_1207_slice1_local2_roi5_cell4.tif,frontal_,908,367,"[5, 5, 9, 8, 10, 10, 11, 9, 9, 10, 4, 3, 3, 3, 3, 1, 1, 1, 1, 1, 1, 0, 0, 0, 0, 0, 0, 0, 0, 0, 0, 0, 0, 0, 0, 0, 0, 0, 0, 0, 0, 0, 0, 0, 0, 0, 0, 0, 0]","[64.86486486486487, 101.35135135135135, 95.94594594594594, 104.05405405405405, 120.27027027027027, 131.08108108108107, 109.45945945945945, 109.45945945945945, 106.75675675675676, 94.5945945945946, 51.35135135135135, 33.78378378378378, 36.486486486486484, 31.08108108108108, 18.91891891891892, 10.81081081081081, 10.81081081081081, 9.45945945945946, 10.81081081081081, 10.81081081081081, 1.3513513513513513, 0.0, 0.0, 0.0, 0.0, 0.0, 0.0, 0.0, 0.0, 0.0, 0.0, 0.0, 0.0, 0.0, 0.0, 0.0, 0.0, 0.0, 0.0, 0.0, 0.0, 0.0, 0.0, 0.0, 0.0, 0.0, 0.0, 0.0, 0.0]",2.551724138
1024,1024,211.058264,113.7931034,7,1603.448276,229.137931,12,14,38240.19025,58,1.724137931,frontal_lobe_1207_slice1_local3_roi1_cell3.tif,frontal_,699,647,"[4, 7, 9, 10, 12, 11, 11, 11, 12, 11, 9, 9, 6, 5, 3, 1, 0, 0, 0, 0, 0, 0, 0, 0, 0, 0, 0, 0, 0, 0, 0, 0, 0, 0, 0, 0, 0, 0, 0, 0, 0, 0, 0, 0, 0, 0, 0, 0, 0]","[65.51724137931033, 108.62068965517241, 179.3103448275862, 146.55172413793102, 187.9310344827586, 182.75862068965517, 129.3103448275862, 106.89655172413792, 112.06896551724137, 103.44827586206895, 91.37931034482759, 60.34482758620689, 46.55172413793103, 39.6551724137931, 17.241379310344826, 1.7241379310344827, 0.0, 0.0, 0.0, 0.0, 0.0, 0.0, 0.0, 0.0, 0.0, 0.0, 0.0, 0.0, 0.0, 0.0, 0.0, 0.0, 0.0, 0.0, 0.0, 0.0, 0.0, 0.0, 0.0, 0.0, 0.0, 0.0, 0.0, 0.0, 0.0, 0.0, 0.0, 0.0, 0.0]",2
1024,1024,211.058264,191.3793103,5,1510.344828,302.0689655,7,13,32604.04281,58,1.724137931,frontal_lobe_1207_slice1_local3_roi2_cell4.tif,frontal_,471,455,"[1, 6, 6, 10, 13, 10, 10, 10, 9, 9, 7, 6, 4, 3, 0, 0, 0, 0, 0, 0, 0, 0, 0, 0, 0, 0, 0, 0, 0, 0, 0, 0, 0, 0, 0, 0, 0, 0, 0, 0, 0, 0, 0, 0, 0, 0, 0, 0, 0]","[43.103448275862064, 106.89655172413792, 170.68965517241378, 150.0, 256.8965517241379, 132.75862068965517, 184.48275862068965, 118.9655172413793, 100.0, 82.75862068965517, 74.13793103448275, 44.82758620689655, 29.310344827586206, 12.068965517241379, 0.0, 0.0, 0.0, 0.0, 0.0, 0.0, 0.0, 0.0, 0.0, 0.0, 0.0, 0.0, 0.0, 0.0, 0.0, 0.0, 0.0, 0.0, 0.0, 0.0, 0.0, 0.0, 0.0, 0.0, 0.0, 0.0, 0.0, 0.0, 0.0, 0.0, 0.0, 0.0, 0.0, 0.0, 0.0]",2
1024,1024,350.7728894,141.3793103,11,2281.034483,207.4137931,15,19,65844.23306,58,1.724137931,frontal_lobe_1207_slice1_local3_roi2_cell6.tif,frontal_,737,520,"[1, 6, 9, 16, 15, 13, 13, 13, 12, 15, 12, 11, 11, 9, 6, 2, 2, 1, 1, 1, 1, 1, 1, 1, 1, 1, 0, 0, 0, 0, 0, 0, 0, 0, 0, 0, 0, 0, 0, 0, 0, 0, 0, 0, 0, 0, 0, 0, 0]","[39.6551724137931, 144.82758620689654, 272.41379310344826, 208.6206896551724, 167.24137931034483, 187.9310344827586, 167.24137931034483, 168.9655172413793, 218.9655172413793, 144.82758620689654, 129.3103448275862, 112.06896551724137, 93.10344827586206, 70.6896551724138, 31.034482758620687, 18.96551724137931, 8.620689655172413, 10.344827586206897, 12.068965517241379, 12.068965517241379, 10.344827586206897, 12.068965517241379, 12.068965517241379, 10.344827586206897, 10.344827586206897, 6.896551724137931, 0.0, 0.0, 0.0, 0.0, 0.0, 0.0, 0.0, 0.0, 0.0, 0.0, 0.0, 0.0, 0.0, 0.0, 0.0, 0.0, 0.0, 0.0, 0.0, 0.0, 0.0, 0.0, 0.0]",2
1024,1024,225.921522,217.2413793,3,1927.586207,642.5862069,13,15,57660.52319,58,1.724137931,frontal_lobe_1207_slice1_local3_roi3_cell1.tif,frontal_,408,464,"[3, 6, 9, 12, 13, 12, 13, 14, 13, 11, 9, 11, 8, 9, 6, 6, 4, 3, 3, 2, 1, 0, 0, 0, 0, 0, 0, 0, 0, 0, 0, 0, 0, 0, 0, 0, 0, 0, 0, 0, 0, 0, 0, 0, 0, 0, 0, 0, 0]","[84.48275862068965, 144.82758620689654, 146.55172413793102, 177.58620689655172, 125.86206896551724, 125.86206896551724, 153.44827586206895, 143.10344827586206, 139.65517241379308, 112.06896551724137, 103.44827586206895, 96.55172413793103, 94.82758620689654, 65.51724137931033, 55.172413793103445, 43.103448275862064, 31.034482758620687, 31.034482758620687, 20.689655172413794, 13.793103448275861, 3.4482758620689653, 0.0, 0.0, 0.0, 0.0, 0.0, 0.0, 0.0, 0.0, 0.0, 0.0, 0.0, 0.0, 0.0, 0.0, 0.0, 0.0, 0.0, 0.0, 0.0, 0.0, 0.0, 0.0, 0.0, 0.0, 0.0, 0.0, 0.0, 0.0]",2
1024,1024,285.3745541,212.0689655,3,1755.172414,585,11,12,53662.30678,58,1.724137931,frontal_lobe_1207_slice1_local3_roi3_cell2.tif,frontal_,423,434,"[2, 4, 6, 7, 7, 9, 6, 12, 9, 10, 7, 9, 7, 6, 5, 4, 4, 4, 3, 3, 3, 1, 1, 1, 1, 0, 0, 0, 0, 0, 0, 0, 0, 0, 0, 0, 0, 0, 0, 0, 0, 0, 0, 0, 0, 0, 0, 0, 0]","[29.310344827586206, 70.6896551724138, 105.17241379310344, 98.27586206896551, 132.75862068965517, 94.82758620689654, 172.41379310344826, 187.9310344827586, 151.72413793103448, 108.62068965517241, 110.34482758620689, 74.13793103448275, 72.41379310344827, 58.62068965517241, 46.55172413793103, 43.103448275862064, 41.37931034482759, 37.93103448275862, 31.034482758620687, 29.310344827586206, 17.241379310344826, 8.620689655172413, 10.344827586206897, 10.344827586206897, 0.0, 0.0, 0.0, 0.0, 0.0, 0.0, 0.0, 0.0, 0.0, 0.0, 0.0, 0.0, 0.0, 0.0, 0.0, 0.0, 0.0, 0.0, 0.0, 0.0, 0.0, 0.0, 0.0, 0.0, 0.0]",2
1024,1024,199.1676576,206.8965517,3,1565.517241,521.8965517,7,12,39622.47325,58,1.724137931,frontal_lobe_1207_slice1_local3_roi3_cell3.tif,frontal_,580,613,"[2, 8, 8, 8, 9, 10, 10, 10, 9, 9, 9, 8, 7, 7, 4, 5, 4, 4, 1, 1, 1, 1, 0, 0, 0, 0, 0, 0, 0, 0, 0, 0, 0, 0, 0, 0, 0, 0, 0, 0, 0, 0, 0, 0, 0, 0, 0, 0, 0]","[93.10344827586206, 103.44827586206895, 101.72413793103448, 120.68965517241378, 141.3793103448276, 151.72413793103448, 106.89655172413792, 98.27586206896551, 87.93103448275862, 93.10344827586206, 79.3103448275862, 67.24137931034483, 74.13793103448275, 55.172413793103445, 51.72413793103448, 39.6551724137931, 41.37931034482759, 20.689655172413794, 8.620689655172413, 10.344827586206897, 10.344827586206897, 5.172413793103448, 0.0, 0.0, 0.0, 0.0, 0.0, 0.0, 0.0, 0.0, 0.0, 0.0, 0.0, 0.0, 0.0, 0.0, 0.0, 0.0, 0.0, 0.0, 0.0, 0.0, 0.0, 0.0, 0.0, 0.0, 0.0, 0.0, 0.0]",2
1024,1024,338.882283,155.1724138,3,1700,566.7241379,11,13,46144.47087,58,1.724137931,frontal_lobe_1207_slice1_local3_roi4_cell1.tif,frontal_,456,343,"[4, 7, 9, 10, 12, 11, 11, 11, 13, 10, 11, 10, 8, 6, 3, 2, 1, 1, 1, 0, 0, 0, 0, 0, 0, 0, 0, 0, 0, 0, 0, 0, 0, 0, 0, 0, 0, 0, 0, 0, 0, 0, 0, 0, 0, 0, 0, 0, 0]","[68.9655172413793, 106.89655172413792, 137.9310344827586, 150.0, 143.10344827586206, 132.75862068965517, 134.48275862068965, 144.82758620689654, 155.17241379310343, 112.06896551724137, 120.68965517241378, 87.93103448275862, 63.79310344827586, 48.275862068965516, 20.689655172413794, 15.517241379310343, 10.344827586206897, 10.344827586206897, 6.896551724137931, 0.0, 0.0, 0.0, 0.0, 0.0, 0.0, 0.0, 0.0, 0.0, 0.0, 0.0, 0.0, 0.0, 0.0, 0.0, 0.0, 0.0, 0.0, 0.0, 0.0, 0.0, 0.0, 0.0, 0.0, 0.0, 0.0, 0.0, 0.0, 0.0, 0.0]",2
1024,1024,237.8121284,146.5517241,5,1182.758621,236.5517241,5,9,30303.21046,58,1.724137931,frontal_lobe_1207_slice1_local3_roi4_cell2.tif,frontal_,464,459,"[4, 7, 7, 11, 10, 9, 9, 8, 9, 7, 6, 6, 5, 4, 2, 1, 1, 0, 0, 0, 0, 0, 0, 0, 0, 0, 0, 0, 0, 0, 0, 0, 0, 0, 0, 0, 0, 0, 0, 0, 0, 0, 0, 0, 0, 0, 0, 0, 0]","[65.51724137931033, 84.48275862068965, 146.55172413793102, 132.75862068965517, 106.89655172413792, 110.34482758620689, 84.48275862068965, 87.93103448275862, 84.48275862068965, 62.068965517241374, 62.068965517241374, 50.0, 41.37931034482759, 24.137931034482758, 15.517241379310343, 10.344827586206897, 8.620689655172413, 0.0, 0.0, 0.0, 0.0, 0.0, 0.0, 0.0, 0.0, 0.0, 0.0, 0.0, 0.0, 0.0, 0.0, 0.0, 0.0, 0.0, 0.0, 0.0, 0.0, 0.0, 0.0, 0.0, 0.0, 0.0, 0.0, 0.0, 0.0, 0.0, 0.0, 0.0, 0.0]",2
1024,1024,344.3877551,566.0714286,3,4741.071429,1580.357143,18,20,267531.8878,56,1.785714286,occipital_lobe_1202_slice3_local0_roi1_cell1.tif,occipita,651,521,"[3, 5, 6, 9, 12, 11, 13, 11, 12, 13, 13, 12, 11, 13, 12, 12, 12, 13, 13, 13, 13, 12, 12, 10, 11, 10, 13, 12, 10, 12, 11, 9, 8, 8, 8, 7, 5, 5, 4, 4, 4, 4, 3, 3, 3, 2, 2, 1, 1]","[62.5, 83.92857142857143, 117.85714285714286, 130.35714285714286, 117.85714285714286, 130.35714285714286, 141.07142857142858, 126.78571428571429, 150.0, 139.2857142857143, 133.92857142857144, 132.14285714285714, 183.92857142857144, 139.2857142857143, 137.5, 137.5, 139.2857142857143, 141.07142857142858, 139.2857142857143, 128.57142857142858, 141.07142857142858, 133.92857142857144, 128.57142857142858, 108.92857142857143, 123.21428571428572, 128.57142857142858, 137.5, 139.2857142857143, 112.5, 114.28571428571429, 94.64285714285715, 85.71428571428572, 75.0, 83.92857142857143, 75.0, 64.28571428571429, 48.214285714285715, 42.85714285714286, 39.285714285714285, 41.07142857142858, 37.5, 33.92857142857143, 28.571428571428573, 28.571428571428573, 23.214285714285715, 17.857142857142858, 14.285714285714286, 7.142857142857143, 8.928571428571429]",1.931034483
1024,1024,283.8010204,898.2142857,6,4078.571429,679.8214286,22,26,241865.4337,56,1.785714286,occipital_lobe_1202_slice3_local0_roi1_cell2.tif,occipita,731,381,"[2, 5, 9, 9, 13, 13, 14, 14, 12, 13, 13, 13, 15, 12, 12, 13, 12, 12, 12, 12, 12, 9, 9, 8, 8, 7, 8, 7, 8, 8, 6, 6, 5, 3, 3, 3, 3, 1, 1, 1, 1, 1, 1, 1, 0, 0, 0, 0, 0]","[66.07142857142857, 133.92857142857144, 125.0, 164.2857142857143, 208.92857142857144, 164.2857142857143, 155.35714285714286, 128.57142857142858, 135.71428571428572, 155.35714285714286, 151.7857142857143, 141.07142857142858, 194.64285714285717, 144.64285714285714, 141.07142857142858, 132.14285714285714, 121.42857142857143, 135.71428571428572, 114.28571428571429, 132.14285714285714, 133.92857142857144, 94.64285714285715, 116.07142857142858, 76.78571428571429, 80.35714285714286, 89.28571428571429, 73.21428571428572, 82.14285714285715, 107.14285714285715, 67.85714285714286, 60.714285714285715, 53.57142857142858, 41.07142857142858, 30.357142857142858, 30.357142857142858, 26.78571428571429, 16.071428571428573, 8.928571428571429, 8.928571428571429, 7.142857142857143, 8.928571428571429, 7.142857142857143, 8.928571428571429, 0.0, 0.0, 0.0, 0.0, 0.0, 0.0]",1.931034483
1024,1024,338.5657125,464.9122807,7,4103.508772,586.1403509,23,25,181298.8612,57,1.754385965,occipital_lobe_1202_slice3_local0_roi2_cell1.tif,occipita,520,581,"[2, 5, 7, 9, 10, 13, 15, 17, 15, 14, 16, 15, 13, 15, 15, 12, 12, 12, 10, 11, 10, 9, 8, 9, 10, 10, 8, 7, 6, 4, 4, 4, 3, 3, 3, 1, 1, 1, 1, 0, 0, 0, 0, 0, 0, 0, 0, 0, 0]","[42.10526315789473, 77.19298245614034, 161.4035087719298, 136.8421052631579, 187.71929824561403, 210.52631578947367, 203.50877192982455, 212.28070175438594, 214.03508771929825, 180.7017543859649, 168.42105263157893, 191.22807017543857, 152.6315789473684, 184.21052631578945, 157.89473684210526, 143.859649122807, 136.8421052631579, 129.82456140350877, 103.50877192982456, 114.03508771929823, 108.7719298245614, 91.22807017543859, 85.96491228070175, 94.73684210526315, 103.50877192982456, 80.7017543859649, 70.17543859649122, 59.64912280701754, 52.63157894736842, 40.35087719298245, 47.368421052631575, 40.35087719298245, 33.33333333333333, 28.07017543859649, 10.526315789473683, 8.771929824561402, 10.526315789473683, 8.771929824561402, 3.508771929824561, 0.0, 0.0, 0.0, 0.0, 0.0, 0.0, 0.0, 0.0, 0.0, 0.0]",1.965517241
1024,1024,375.5001539,754.3859649,3,6163.157895,2054.385965,30,25,290787.9347,57,1.754385965,occipital_lobe_1202_slice3_local0_roi2_cell2.tif,occipita,560,602,"[1, 5, 9, 12, 12, 16, 17, 15, 14, 14, 14, 14, 16, 16, 16, 17, 16, 16, 15, 16, 15, 15, 17, 16, 16, 17, 17, 17, 17, 15, 14, 12, 10, 9, 8, 6, 5, 5, 5, 3, 2, 2, 2, 2, 2, 2, 2, 1, 1]","[35.08771929824561, 96.49122807017544, 129.82456140350877, 154.38596491228068, 171.9298245614035, 192.98245614035088, 185.96491228070175, 180.7017543859649, 178.94736842105263, 180.7017543859649, 171.9298245614035, 191.22807017543857, 184.21052631578945, 180.7017543859649, 189.4736842105263, 180.7017543859649, 180.7017543859649, 185.96491228070175, 168.42105263157893, 203.50877192982455, 185.96491228070175, 185.96491228070175, 185.96491228070175, 182.45614035087718, 194.73684210526315, 196.49122807017542, 198.2456140350877, 198.2456140350877, 161.4035087719298, 170.1754385964912, 187.71929824561403, 110.52631578947368, 89.47368421052632, 85.96491228070175, 59.64912280701754, 49.122807017543856, 54.3859649122807, 52.63157894736842, 38.59649122807017, 21.052631578947366, 19.298245614035086, 19.298245614035086, 19.298245614035086, 21.052631578947366, 19.298245614035086, 19.298245614035086, 14.035087719298245, 10.526315789473683, 8.771929824561402]",1.965517241
1024,1024,322.0663265,266.0714286,2,4171.428571,2085.714286,24,21,213013.3929,56,1.785714286,occipital_lobe_1202_slice3_local0_roi3_cell1.tif,occipita,305,602,"[0, 2, 6, 10, 12, 11, 10, 10, 12, 12, 12, 13, 12, 10, 8, 8, 9, 10, 15, 14, 14, 10, 9, 6, 5, 5, 6, 6, 5, 7, 4, 4, 4, 4, 4, 4, 4, 5, 3, 3, 3, 2, 2, 2, 2, 2, 2, 3, 2]","[25.0, 66.07142857142857, 114.28571428571429, 112.5, 153.57142857142858, 155.35714285714286, 114.28571428571429, 128.57142857142858, 121.42857142857143, 133.92857142857144, 146.42857142857144, 137.5, 123.21428571428572, 103.57142857142858, 119.64285714285715, 101.78571428571429, 107.14285714285715, 135.71428571428572, 232.14285714285717, 217.85714285714286, 158.92857142857144, 126.78571428571429, 64.28571428571429, 51.78571428571429, 50.0, 62.5, 66.07142857142857, 73.21428571428572, 62.5, 98.21428571428572, 39.285714285714285, 41.07142857142858, 37.5, 39.285714285714285, 39.285714285714285, 50.0, 50.0, 37.5, 28.571428571428573, 30.357142857142858, 19.642857142857142, 19.642857142857142, 21.42857142857143, 28.571428571428573, 32.142857142857146, 28.571428571428573, 48.214285714285715, 37.5, 21.42857142857143]",1.931034483
1024,1024,338.0102041,350,7,5210.714286,744.4642857,22,20,131830.3571,56,1.785714286,occipital_lobe_1202_slice3_local0_roi3_cell2.tif,occipita,746,566,"[6, 6, 9, 10, 13, 14, 14, 16, 15, 16, 14, 14, 15, 15, 15, 15, 16, 15, 14, 13, 15, 14, 12, 11, 11, 10, 11, 11, 10, 9, 8, 7, 5, 8, 8, 7, 6, 6, 5, 3, 3, 3, 2, 1, 1, 1, 1, 1, 1]","[76.78571428571429, 123.21428571428572, 148.21428571428572, 171.42857142857144, 178.57142857142858, 162.5, 178.57142857142858, 182.14285714285714, 171.42857142857144, 178.57142857142858, 169.64285714285714, 171.42857142857144, 171.42857142857144, 169.64285714285714, 169.64285714285714, 171.42857142857144, 166.07142857142858, 171.42857142857144, 146.42857142857144, 155.35714285714286, 150.0, 139.2857142857143, 150.0, 128.57142857142858, 121.42857142857143, 110.71428571428572, 110.71428571428572, 110.71428571428572, 98.21428571428572, 82.14285714285715, 89.28571428571429, 71.42857142857143, 78.57142857142857, 78.57142857142857, 76.78571428571429, 64.28571428571429, 58.92857142857143, 55.35714285714286, 39.285714285714285, 28.571428571428573, 30.357142857142858, 23.214285714285715, 12.5, 7.142857142857143, 14.285714285714286, 8.928571428571429, 8.928571428571429, 10.714285714285715, 10.714285714285715]",1.931034483
1024,1024,369.3444137,273.6842105,4,3129.824561,782.4561404,21,17,150255.4632,57,1.754385965,occipital_lobe_1202_slice3_local2_roi2_cell1.tif,occipita,299,352,"[2, 6, 7, 11, 12, 13, 15, 14, 13, 11, 13, 12, 13, 12, 11, 9, 11, 8, 8, 7, 6, 6, 4, 4, 5, 4, 3, 2, 2, 1, 1, 1, 1, 1, 1, 1, 0, 0, 0, 0, 0, 0, 0, 0, 0, 0, 0, 0, 0]","[47.368421052631575, 77.19298245614034, 140.35087719298244, 203.50877192982455, 187.71929824561403, 200.0, 157.89473684210526, 143.859649122807, 150.87719298245614, 142.10526315789474, 143.859649122807, 159.64912280701753, 138.59649122807016, 119.29824561403508, 100.0, 117.5438596491228, 128.0701754385965, 92.98245614035088, 89.47368421052632, 103.50877192982456, 82.45614035087719, 80.7017543859649, 59.64912280701754, 49.122807017543856, 49.122807017543856, 36.84210526315789, 22.807017543859647, 22.807017543859647, 15.789473684210526, 8.771929824561402, 10.526315789473683, 10.526315789473683, 10.526315789473683, 8.771929824561402, 10.526315789473683, 7.017543859649122, 0.0, 0.0, 0.0, 0.0, 0.0, 0.0, 0.0, 0.0, 0.0, 0.0, 0.0, 0.0, 0.0]",1.965517241
1024,1024,366.2665436,294.7368421,4,3840.350877,960,22,22,185278.5472,57,1.754385965,occipital_lobe_1202_slice3_local2_roi2_cell2.tif,occipita,478,679,"[3, 7, 9, 9, 10, 9, 13, 14, 12, 12, 15, 14, 16, 12, 11, 10, 13, 13, 12, 12, 11, 11, 12, 11, 7, 7, 8, 6, 5, 5, 3, 2, 2, 1, 1, 1, 1, 1, 1, 0, 0, 0, 0, 0, 0, 0, 0, 0, 0]","[50.87719298245614, 87.71929824561403, 110.52631578947368, 131.57894736842104, 126.3157894736842, 135.08771929824562, 145.6140350877193, 143.859649122807, 173.68421052631578, 191.22807017543857, 161.4035087719298, 175.43859649122805, 145.6140350877193, 136.8421052631579, 147.36842105263156, 159.64912280701753, 163.1578947368421, 161.4035087719298, 138.59649122807016, 126.3157894736842, 117.5438596491228, 128.0701754385965, 124.56140350877192, 100.0, 71.9298245614035, 94.73684210526315, 105.26315789473684, 63.1578947368421, 52.63157894736842, 42.10526315789473, 29.82456140350877, 19.298245614035086, 19.298245614035086, 8.771929824561402, 10.526315789473683, 10.526315789473683, 10.526315789473683, 10.526315789473683, 0.0, 0.0, 0.0, 0.0, 0.0, 0.0, 0.0, 0.0, 0.0, 0.0, 0.0]",1.965517241
1024,1024,326.9916766,224.137931,3,1750,583.2758621,11,16,72086.80143,58,1.724137931,occipital_lobe_1205_slice1_local1_roi1_cell1.tif,occipita,305,261,"[5, 5, 7, 8, 9, 10, 10, 12, 11, 11, 10, 10, 10, 7, 6, 6, 5, 5, 3, 3, 1, 1, 1, 1, 1, 1, 0, 0, 0, 0, 0, 0, 0, 0, 0, 0, 0, 0, 0, 0, 0, 0, 0, 0, 0, 0, 0, 0, 0]","[51.72413793103448, 100.0, 112.06896551724137, 139.65517241379308, 120.68965517241378, 132.75862068965517, 129.3103448275862, 122.41379310344827, 100.0, 93.10344827586206, 98.27586206896551, 93.10344827586206, 93.10344827586206, 79.3103448275862, 58.62068965517241, 51.72413793103448, 48.275862068965516, 36.206896551724135, 25.86206896551724, 15.517241379310343, 6.896551724137931, 8.620689655172413, 10.344827586206897, 8.620689655172413, 10.344827586206897, 0.0, 0.0, 0.0, 0.0, 0.0, 0.0, 0.0, 0.0, 0.0, 0.0, 0.0, 0.0, 0.0, 0.0, 0.0, 0.0, 0.0, 0.0, 0.0, 0.0, 0.0, 0.0, 0.0, 0.0]",2
1024,1024,401.3079667,174.137931,2,1318.965517,659.4827586,4,7,50662.90131,58,1.724137931,occipital_lobe_1205_slice1_local1_roi1_cell3.tif,occipita,571,662,"[1, 4, 5, 7, 6, 7, 6, 6, 6, 6, 6, 6, 6, 6, 5, 5, 5, 5, 4, 3, 2, 2, 2, 2, 1, 1, 1, 0, 0, 0, 0, 0, 0, 0, 0, 0, 0, 0, 0, 0, 0, 0, 0, 0, 0, 0, 0, 0, 0]","[37.93103448275862, 72.41379310344827, 70.6896551724138, 74.13793103448275, 103.44827586206895, 82.75862068965517, 72.41379310344827, 67.24137931034483, 67.24137931034483, 63.79310344827586, 60.34482758620689, 65.51724137931033, 60.34482758620689, 56.89655172413793, 51.72413793103448, 50.0, 50.0, 50.0, 37.93103448275862, 22.413793103448274, 20.689655172413794, 18.96551724137931, 20.689655172413794, 13.793103448275861, 10.344827586206897, 10.344827586206897, 5.172413793103448, 0.0, 0.0, 0.0, 0.0, 0.0, 0.0, 0.0, 0.0, 0.0, 0.0, 0.0, 0.0, 0.0, 0.0, 0.0, 0.0, 0.0, 0.0, 0.0, 0.0, 0.0, 0.0]",2
1024,1024,356.7181926,200,5,1981.034483,396.2068966,11,17,57330.55886,58,1.724137931,occipital_lobe_1205_slice1_local1_roi1_cell4.tif,occipita,794,251,"[2, 4, 7, 10, 13, 13, 13, 14, 11, 14, 14, 13, 12, 8, 4, 3, 3, 3, 3, 1, 0, 0, 0, 0, 0, 0, 0, 0, 0, 0, 0, 0, 0, 0, 0, 0, 0, 0, 0, 0, 0, 0, 0, 0, 0, 0, 0, 0, 0]","[34.48275862068965, 112.06896551724137, 172.41379310344826, 156.8965517241379, 187.9310344827586, 170.68965517241378, 179.3103448275862, 139.65517241379308, 141.3793103448276, 144.82758620689654, 139.65517241379308, 117.24137931034483, 93.10344827586206, 58.62068965517241, 32.75862068965517, 29.310344827586206, 29.310344827586206, 27.586206896551722, 12.068965517241379, 1.7241379310344827, 0.0, 0.0, 0.0, 0.0, 0.0, 0.0, 0.0, 0.0, 0.0, 0.0, 0.0, 0.0, 0.0, 0.0, 0.0, 0.0, 0.0, 0.0, 0.0, 0.0, 0.0, 0.0, 0.0, 0.0, 0.0, 0.0, 0.0, 0.0, 0.0]",2
1024,1024,425.0891795,177.5862069,2,1313.793103,656.8965517,4,7,50763.97146,58,1.724137931,occipital_lobe_1205_slice1_local1_roi1_cell5.tif,occipita,612,565,"[1, 4, 5, 7, 6, 8, 6, 6, 6, 6, 6, 6, 6, 6, 5, 5, 5, 5, 4, 3, 2, 2, 2, 2, 1, 1, 1, 0, 0, 0, 0, 0, 0, 0, 0, 0, 0, 0, 0, 0, 0, 0, 0, 0, 0, 0, 0, 0, 0]","[39.6551724137931, 68.9655172413793, 75.86206896551724, 72.41379310344827, 100.0, 87.93103448275862, 74.13793103448275, 67.24137931034483, 63.79310344827586, 63.79310344827586, 62.068965517241374, 63.79310344827586, 62.068965517241374, 51.72413793103448, 51.72413793103448, 51.72413793103448, 50.0, 50.0, 34.48275862068965, 22.413793103448274, 18.96551724137931, 20.689655172413794, 20.689655172413794, 12.068965517241379, 10.344827586206897, 10.344827586206897, 6.896551724137931, 0.0, 0.0, 0.0, 0.0, 0.0, 0.0, 0.0, 0.0, 0.0, 0.0, 0.0, 0.0, 0.0, 0.0, 0.0, 0.0, 0.0, 0.0, 0.0, 0.0, 0.0, 0.0]",2
1024,1024,383.4720571,115.5172414,2,2325.862069,1162.931034,13,17,69072.5327,58,1.724137931,occipital_lobe_1205_slice1_local1_roi1_cell7.tif,occipita,249,789,"[3, 5, 8, 11, 12, 12, 15, 17, 16, 15, 16, 12, 10, 8, 6, 10, 5, 4, 2, 2, 2, 0, 0, 0, 0, 0, 0, 0, 0, 0, 0, 0, 0, 0, 0, 0, 0, 0, 0, 0, 0, 0, 0, 0, 0, 0, 0, 0, 0]","[44.82758620689655, 89.6551724137931, 113.79310344827586, 127.58620689655172, 153.44827586206895, 175.86206896551724, 187.9310344827586, 186.20689655172413, 172.41379310344826, 177.58620689655172, 156.8965517241379, 120.68965517241378, 100.0, 91.37931034482759, 87.93103448275862, 174.13793103448276, 62.068965517241374, 31.034482758620687, 20.689655172413794, 18.96551724137931, 6.896551724137931, 0.0, 0.0, 0.0, 0.0, 0.0, 0.0, 0.0, 0.0, 0.0, 0.0, 0.0, 0.0, 0.0, 0.0, 0.0, 0.0, 0.0, 0.0, 0.0, 0.0, 0.0, 0.0, 0.0, 0.0, 0.0, 0.0, 0.0, 0.0]",2
1024,1024,404.2806183,196.5517241,6,2589.655172,431.5517241,17,22,105002.9727,58,1.724137931,occipital_lobe_1205_slice1_local1_roi2_cell1.tif,occipita,353,254,"[3, 6, 9, 11, 11, 13, 15, 16, 15, 15, 18, 17, 16, 15, 13, 10, 9, 9, 8, 6, 5, 3, 2, 1, 1, 1, 0, 0, 0, 0, 0, 0, 0, 0, 0, 0, 0, 0, 0, 0, 0, 0, 0, 0, 0, 0, 0, 0, 0]","[53.44827586206896, 84.48275862068965, 105.17241379310344, 113.79310344827586, 127.58620689655172, 156.8965517241379, 182.75862068965517, 156.8965517241379, 182.75862068965517, 179.3103448275862, 191.3793103448276, 160.3448275862069, 162.06896551724137, 144.82758620689654, 110.34482758620689, 89.6551724137931, 82.75862068965517, 77.58620689655172, 72.41379310344827, 50.0, 41.37931034482759, 27.586206896551722, 12.068965517241379, 10.344827586206897, 8.620689655172413, 0.0, 0.0, 0.0, 0.0, 0.0, 0.0, 0.0, 0.0, 0.0, 0.0, 0.0, 0.0, 0.0, 0.0, 0.0, 0.0, 0.0, 0.0, 0.0, 0.0, 0.0, 0.0, 0.0, 0.0]",2
1024,1024,326.9916766,201.7241379,2,2681.034483,1340.517241,23,22,109982.1641,58,1.724137931,occipital_lobe_1205_slice1_local1_roi2_cell2.tif,occipita,575,318,"[2, 8, 9, 10, 9, 11, 12, 12, 11, 12, 10, 12, 13, 12, 12, 11, 8, 6, 5, 4, 5, 6, 4, 5, 5, 3, 3, 2, 2, 2, 1, 1, 0, 0, 0, 0, 0, 0, 0, 0, 0, 0, 0, 0, 0, 0, 0, 0, 0]","[62.068965517241374, 127.58620689655172, 106.89655172413792, 108.62068965517241, 108.62068965517241, 131.03448275862067, 125.86206896551724, 117.24137931034483, 129.3103448275862, 118.9655172413793, 137.9310344827586, 115.51724137931033, 156.8965517241379, 148.2758620689655, 131.03448275862067, 110.34482758620689, 70.6896551724138, 48.275862068965516, 48.275862068965516, 74.13793103448275, 58.62068965517241, 101.72413793103448, 96.55172413793103, 67.24137931034483, 46.55172413793103, 34.48275862068965, 27.586206896551722, 17.241379310344826, 18.96551724137931, 18.96551724137931, 10.344827586206897, 5.172413793103448, 0.0, 0.0, 0.0, 0.0, 0.0, 0.0, 0.0, 0.0, 0.0, 0.0, 0.0, 0.0, 0.0, 0.0, 0.0, 0.0, 0.0]",2
1024,1024,386.4447087,274.137931,4,2474.137931,618.6206897,20,21,75005.9453,58,1.724137931,occipital_lobe_1205_slice1_local1_roi2_cell4.tif,occipita,814,353,"[3, 5, 9, 13, 12, 13, 12, 12, 14, 12, 14, 13, 12, 9, 10, 9, 7, 6, 5, 4, 3, 2, 2, 1, 1, 1, 2, 1, 1, 1, 1, 1, 0, 0, 0, 0, 0, 0, 0, 0, 0, 0, 0, 0, 0, 0, 0, 0, 0]","[53.44827586206896, 117.24137931034483, 151.72413793103448, 163.79310344827584, 153.44827586206895, 191.3793103448276, 141.3793103448276, 153.44827586206895, 155.17241379310343, 141.3793103448276, 155.17241379310343, 136.20689655172413, 113.79310344827586, 96.55172413793103, 93.10344827586206, 77.58620689655172, 60.34482758620689, 55.172413793103445, 37.93103448275862, 37.93103448275862, 22.413793103448274, 20.689655172413794, 15.517241379310343, 8.620689655172413, 10.344827586206897, 17.241379310344826, 24.137931034482758, 10.344827586206897, 10.344827586206897, 10.344827586206897, 10.344827586206897, 6.896551724137931, 0.0, 0.0, 0.0, 0.0, 0.0, 0.0, 0.0, 0.0, 0.0, 0.0, 0.0, 0.0, 0.0, 0.0, 0.0, 0.0, 0.0]",2
1024,1024,282.4019025,93.10344828,4,1720.689655,430.1724138,17,18,49149.82164,58,1.724137931,occipital_lobe_1205_slice1_local1_roi2_cell5.tif,occipita,347,515,"[3, 5, 6, 9, 10, 9, 9, 12, 12, 12, 9, 6, 5, 4, 4, 2, 0, 0, 0, 0, 0, 0, 0, 0, 0, 0, 0, 0, 0, 0, 0, 0, 0, 0, 0, 0, 0, 0, 0, 0, 0, 0, 0, 0, 0, 0, 0, 0, 0]","[63.79310344827586, 75.86206896551724, 150.0, 122.41379310344827, 150.0, 134.48275862068965, 167.24137931034483, 236.20689655172413, 203.44827586206895, 105.17241379310344, 87.93103448275862, 56.89655172413793, 48.275862068965516, 48.275862068965516, 32.75862068965517, 15.517241379310343, 0.0, 0.0, 0.0, 0.0, 0.0, 0.0, 0.0, 0.0, 0.0, 0.0, 0.0, 0.0, 0.0, 0.0, 0.0, 0.0, 0.0, 0.0, 0.0, 0.0, 0.0, 0.0, 0.0, 0.0, 0.0, 0.0, 0.0, 0.0, 0.0, 0.0, 0.0, 0.0, 0.0]",2
1024,1024,350.7728894,170.6896552,5,2300,460,13,18,68463.13912,58,1.724137931,occipital_lobe_1205_slice1_local1_roi2_cell6.tif,occipita,570,507,"[4, 7, 7, 10, 13, 13, 14, 15, 15, 14, 11, 10, 7, 6, 6, 4, 4, 4, 4, 3, 3, 3, 3, 3, 3, 2, 2, 1, 1, 1, 0, 0, 0, 0, 0, 0, 0, 0, 0, 0, 0, 0, 0, 0, 0, 0, 0, 0, 0]","[63.79310344827586, 87.93103448275862, 196.55172413793102, 191.3793103448276, 165.51724137931035, 156.8965517241379, 181.03448275862067, 160.3448275862069, 156.8965517241379, 146.55172413793102, 134.48275862068965, 84.48275862068965, 60.34482758620689, 65.51724137931033, 58.62068965517241, 46.55172413793103, 46.55172413793103, 37.93103448275862, 25.86206896551724, 29.310344827586206, 27.586206896551722, 25.86206896551724, 29.310344827586206, 25.86206896551724, 24.137931034482758, 20.689655172413794, 20.689655172413794, 8.620689655172413, 8.620689655172413, 10.344827586206897, 0.0, 0.0, 0.0, 0.0, 0.0, 0.0, 0.0, 0.0, 0.0, 0.0, 0.0, 0.0, 0.0, 0.0, 0.0, 0.0, 0.0, 0.0, 0.0]",2
1024,1024,377.5267539,134.4827586,5,2400,480,16,19,80112.96076,58,1.724137931,occipital_lobe_1205_slice1_local1_roi2_cell9.tif,occipita,790,776,"[6, 6, 5, 12, 12, 15, 13, 14, 16, 16, 12, 10, 11, 10, 8, 6, 4, 4, 3, 3, 2, 1, 1, 0, 0, 0, 0, 0, 0, 0, 0, 0, 0, 0, 0, 0, 0, 0, 0, 0, 0, 0, 0, 0, 0, 0, 0, 0, 0]","[62.068965517241374, 82.75862068965517, 168.9655172413793, 179.3103448275862, 255.17241379310343, 212.06896551724137, 153.44827586206895, 175.86206896551724, 184.48275862068965, 179.3103448275862, 131.03448275862067, 120.68965517241378, 122.41379310344827, 103.44827586206895, 74.13793103448275, 56.89655172413793, 37.93103448275862, 31.034482758620687, 29.310344827586206, 20.689655172413794, 8.620689655172413, 10.344827586206897, 0.0, 0.0, 0.0, 0.0, 0.0, 0.0, 0.0, 0.0, 0.0, 0.0, 0.0, 0.0, 0.0, 0.0, 0.0, 0.0, 0.0, 0.0, 0.0, 0.0, 0.0, 0.0, 0.0, 0.0, 0.0, 0.0, 0.0]",2
1024,1024,448.8703924,331.0344828,3,3415.517241,1138.448276,23,24,179714.6254,58,1.724137931,occipital_lobe_1205_slice2_local1_roi1_cell1.tif,occipita,434,389,"[2, 5, 7, 12, 13, 13, 18, 18, 16, 17, 15, 14, 15, 15, 15, 13, 10, 7, 6, 5, 5, 5, 5, 5, 5, 4, 4, 4, 2, 2, 2, 2, 2, 2, 2, 2, 2, 1, 1, 0, 0, 0, 0, 0, 0, 0, 0, 0, 0]","[44.82758620689655, 75.86206896551724, 151.72413793103448, 146.55172413793102, 191.3793103448276, 332.7586206896552, 222.41379310344826, 198.2758620689655, 174.13793103448276, 170.68965517241378, 160.3448275862069, 160.3448275862069, 153.44827586206895, 158.6206896551724, 167.24137931034483, 117.24137931034483, 82.75862068965517, 67.24137931034483, 51.72413793103448, 50.0, 44.82758620689655, 46.55172413793103, 51.72413793103448, 50.0, 43.103448275862064, 41.37931034482759, 36.206896551724135, 25.86206896551724, 18.96551724137931, 18.96551724137931, 18.96551724137931, 20.689655172413794, 22.413793103448274, 18.96551724137931, 20.689655172413794, 22.413793103448274, 8.620689655172413, 8.620689655172413, 1.7241379310344827, 0.0, 0.0, 0.0, 0.0, 0.0, 0.0, 0.0, 0.0, 0.0, 0.0]",2
1024,1024,505.3507729,243.1034483,5,2006.896552,401.3793103,9,13,98912.00951,58,1.724137931,occipital_lobe_1205_slice2_local1_roi1_cell12.tif,occipita,321,749,"[0, 6, 7, 10, 11, 9, 10, 12, 12, 13, 14, 13, 10, 10, 8, 7, 6, 6, 5, 3, 3, 1, 1, 1, 1, 1, 1, 1, 1, 0, 0, 0, 0, 0, 0, 0, 0, 0, 0, 0, 0, 0, 0, 0, 0, 0, 0, 0, 0]","[43.103448275862064, 82.75862068965517, 115.51724137931033, 124.13793103448275, 125.86206896551724, 106.89655172413792, 141.3793103448276, 132.75862068965517, 143.10344827586206, 156.8965517241379, 139.65517241379308, 124.13793103448275, 100.0, 82.75862068965517, 77.58620689655172, 55.172413793103445, 60.34482758620689, 51.72413793103448, 36.206896551724135, 27.586206896551722, 15.517241379310343, 8.620689655172413, 8.620689655172413, 8.620689655172413, 10.344827586206897, 8.620689655172413, 8.620689655172413, 8.620689655172413, 1.7241379310344827, 0.0, 0.0, 0.0, 0.0, 0.0, 0.0, 0.0, 0.0, 0.0, 0.0, 0.0, 0.0, 0.0, 0.0, 0.0, 0.0, 0.0, 0.0, 0.0, 0.0]",2
1024,1024,231.8668252,174.137931,6,1817.241379,302.9310345,12,13,62678.3591,58,1.724137931,occipital_lobe_1205_slice2_local1_roi1_cell2.tif,occipita,740,358,"[6, 8, 8, 7, 12, 11, 10, 10, 12, 11, 12, 10, 7, 7, 6, 5, 3, 2, 2, 1, 1, 1, 1, 1, 1, 0, 0, 0, 0, 0, 0, 0, 0, 0, 0, 0, 0, 0, 0, 0, 0, 0, 0, 0, 0, 0, 0, 0, 0]","[77.58620689655172, 86.20689655172413, 82.75862068965517, 124.13793103448275, 131.03448275862067, 132.75862068965517, 122.41379310344827, 144.82758620689654, 163.79310344827584, 131.03448275862067, 106.89655172413792, 87.93103448275862, 103.44827586206895, 89.6551724137931, 65.51724137931033, 41.37931034482759, 24.137931034482758, 25.86206896551724, 13.793103448275861, 10.344827586206897, 10.344827586206897, 10.344827586206897, 8.620689655172413, 8.620689655172413, 6.896551724137931, 0.0, 0.0, 0.0, 0.0, 0.0, 0.0, 0.0, 0.0, 0.0, 0.0, 0.0, 0.0, 0.0, 0.0, 0.0, 0.0, 0.0, 0.0, 0.0, 0.0, 0.0, 0.0, 0.0, 0.0]",2
1024,1024,285.3745541,286.2068966,3,2132.758621,710.862069,12,14,112690.2497,58,1.724137931,occipital_lobe_1205_slice2_local1_roi1_cell3.tif,occipita,826,387,"[2, 7, 7, 8, 9, 8, 7, 9, 9, 11, 11, 13, 11, 10, 10, 9, 7, 5, 6, 4, 4, 3, 4, 4, 4, 1, 1, 1, 1, 0, 0, 0, 0, 0, 0, 0, 0, 0, 0, 0, 0, 0, 0, 0, 0, 0, 0, 0, 0]","[50.0, 75.86206896551724, 87.93103448275862, 100.0, 101.72413793103448, 91.37931034482759, 94.82758620689654, 91.37931034482759, 113.79310344827586, 124.13793103448275, 153.44827586206895, 134.48275862068965, 117.24137931034483, 105.17241379310344, 103.44827586206895, 87.93103448275862, 67.24137931034483, 58.62068965517241, 51.72413793103448, 41.37931034482759, 27.586206896551722, 65.51724137931033, 60.34482758620689, 48.275862068965516, 29.310344827586206, 10.344827586206897, 10.344827586206897, 8.620689655172413, 6.896551724137931, 0.0, 0.0, 0.0, 0.0, 0.0, 0.0, 0.0, 0.0, 0.0, 0.0, 0.0, 0.0, 0.0, 0.0, 0.0, 0.0, 0.0, 0.0, 0.0, 0.0]",2
1024,1024,356.7181926,182.7586207,9,2541.37931,282.4137931,9,14,113626.635,29,3.448275862,occipital_lobe_1205_slice2_local1_roi2_cell1.tif,occipita,616,436,"[1, 3, 5, 7, 11, 12, 13, 12, 10, 9, 11, 11, 11, 9, 9, 7, 8, 8, 7, 7, 4, 3, 3, 3, 3, 2, 1, 0, 0, 0, 0, 0, 0, 0, 0, 0, 0, 0, 0, 0, 0, 0, 0, 0, 0, 0, 0, 0, 0]","[58.62068965517241, 106.89655172413792, 110.34482758620689, 168.9655172413793, 165.51724137931035, 213.79310344827584, 172.41379310344826, 168.9655172413793, 124.13793103448275, 155.17241379310343, 134.48275862068965, 131.03448275862067, 100.0, 86.20689655172413, 103.44827586206895, 106.89655172413792, 79.3103448275862, 86.20689655172413, 68.9655172413793, 58.62068965517241, 37.93103448275862, 24.137931034482758, 27.586206896551722, 24.137931034482758, 17.241379310344826, 10.344827586206897, 0.0, 0.0, 0.0, 0.0, 0.0, 0.0, 0.0, 0.0, 0.0, 0.0, 0.0, 0.0, 0.0, 0.0, 0.0, 0.0, 0.0, 0.0, 0.0, 0.0, 0.0, 0.0, 0.0]",1
1024,1024,279.4292509,151.7241379,4,1910.344828,477.5862069,17,17,58225.32699,58,1.724137931,occipital_lobe_1205_slice2_local1_roi3_cell1.tif,occipita,621,364,"[4, 5, 8, 11, 13, 12, 14, 12, 12, 13, 14, 11, 11, 5, 5, 6, 3, 3, 1, 0, 0, 0, 0, 0, 0, 0, 0, 0, 0, 0, 0, 0, 0, 0, 0, 0, 0, 0, 0, 0, 0, 0, 0, 0, 0, 0, 0, 0, 0]","[56.89655172413793, 112.06896551724137, 143.10344827586206, 168.9655172413793, 160.3448275862069, 156.8965517241379, 139.65517241379308, 141.3793103448276, 143.10344827586206, 143.10344827586206, 137.9310344827586, 117.24137931034483, 87.93103448275862, 55.172413793103445, 55.172413793103445, 34.48275862068965, 29.310344827586206, 15.517241379310343, 5.172413793103448, 0.0, 0.0, 0.0, 0.0, 0.0, 0.0, 0.0, 0.0, 0.0, 0.0, 0.0, 0.0, 0.0, 0.0, 0.0, 0.0, 0.0, 0.0, 0.0, 0.0, 0.0, 0.0, 0.0, 0.0, 0.0, 0.0, 0.0, 0.0, 0.0, 0.0]",2
1024,1024,350.7728894,191.3793103,3,1479.310345,493.1034483,13,13,40386.44471,58,1.724137931,occipital_lobe_1205_slice2_local1_roi3_cell3.tif,occipita,288,472,"[4, 8, 8, 8, 9, 13, 11, 10, 8, 9, 8, 7, 5, 5, 3, 3, 1, 1, 1, 1, 1, 1, 0, 0, 0, 0, 0, 0, 0, 0, 0, 0, 0, 0, 0, 0, 0, 0, 0, 0, 0, 0, 0, 0, 0, 0, 0, 0, 0]","[63.79310344827586, 101.72413793103448, 91.37931034482759, 112.06896551724137, 143.10344827586206, 193.10344827586206, 122.41379310344827, 100.0, 96.55172413793103, 91.37931034482759, 82.75862068965517, 63.79310344827586, 51.72413793103448, 36.206896551724135, 29.310344827586206, 18.96551724137931, 10.344827586206897, 10.344827586206897, 10.344827586206897, 10.344827586206897, 10.344827586206897, 3.4482758620689653, 0.0, 0.0, 0.0, 0.0, 0.0, 0.0, 0.0, 0.0, 0.0, 0.0, 0.0, 0.0, 0.0, 0.0, 0.0, 0.0, 0.0, 0.0, 0.0, 0.0, 0.0, 0.0, 0.0, 0.0, 0.0, 0.0, 0.0]",2
1024,1024,300.2378121,191.3793103,4,1543.103448,385.862069,12,14,53897.14625,58,1.724137931,occipital_lobe_1205_slice2_local1_roi3_cell4.tif,occipita,761,428,"[2, 5, 8, 9, 8, 10, 12, 10, 13, 14, 7, 6, 5, 3, 3, 3, 2, 0, 0, 0, 0, 0, 0, 0, 0, 0, 0, 0, 0, 0, 0, 0, 0, 0, 0, 0, 0, 0, 0, 0, 0, 0, 0, 0, 0, 0, 0, 0, 0]","[62.068965517241374, 93.10344827586206, 100.0, 96.55172413793103, 120.68965517241378, 151.72413793103448, 136.20689655172413, 170.68965517241378, 165.51724137931035, 125.86206896551724, 101.72413793103448, 50.0, 43.103448275862064, 32.75862068965517, 41.37931034482759, 39.6551724137931, 10.344827586206897, 0.0, 0.0, 0.0, 0.0, 0.0, 0.0, 0.0, 0.0, 0.0, 0.0, 0.0, 0.0, 0.0, 0.0, 0.0, 0.0, 0.0, 0.0, 0.0, 0.0, 0.0, 0.0, 0.0, 0.0, 0.0, 0.0, 0.0, 0.0, 0.0, 0.0, 0.0, 0.0]",2
1024,1024,291.3198573,193.1034483,3,1496.551724,498.7931034,4,10,67942.92509,58,1.724137931,occipital_lobe_1205_slice2_local3_roi2_cell2.tif,occipita,757,250,"[2, 4, 5, 6, 7, 9, 9, 9, 9, 9, 8, 8, 7, 7, 7, 6, 5, 4, 3, 3, 2, 2, 2, 2, 1, 0, 0, 0, 0, 0, 0, 0, 0, 0, 0, 0, 0, 0, 0, 0, 0, 0, 0, 0, 0, 0, 0, 0, 0]","[31.034482758620687, 81.03448275862068, 74.13793103448275, 81.03448275862068, 103.44827586206895, 117.24137931034483, 94.82758620689654, 93.10344827586206, 115.51724137931033, 94.82758620689654, 79.3103448275862, 68.9655172413793, 72.41379310344827, 72.41379310344827, 62.068965517241374, 50.0, 44.82758620689655, 31.034482758620687, 29.310344827586206, 20.689655172413794, 18.96551724137931, 20.689655172413794, 18.96551724137931, 12.068965517241379, 6.896551724137931, 0.0, 0.0, 0.0, 0.0, 0.0, 0.0, 0.0, 0.0, 0.0, 0.0, 0.0, 0.0, 0.0, 0.0, 0.0, 0.0, 0.0, 0.0, 0.0, 0.0, 0.0, 0.0, 0.0, 0.0]",2
1024,1024,359.6908442,241.3793103,2,1868.965517,934.4827586,10,11,86539.83353,58,1.724137931,occipital_lobe_1205_slice2_local3_roi2_cell3.tif,occipita,350,732,"[2, 3, 6, 8, 9, 12, 11, 11, 12, 9, 9, 8, 8, 6, 7, 7, 6, 5, 5, 3, 2, 2, 1, 1, 0, 0, 0, 0, 0, 0, 0, 0, 0, 0, 0, 0, 0, 0, 0, 0, 0, 0, 0, 0, 0, 0, 0, 0, 0]","[32.75862068965517, 53.44827586206896, 156.8965517241379, 129.3103448275862, 137.9310344827586, 122.41379310344827, 122.41379310344827, 122.41379310344827, 94.82758620689654, 106.89655172413792, 122.41379310344827, 84.48275862068965, 93.10344827586206, 74.13793103448275, 84.48275862068965, 75.86206896551724, 68.9655172413793, 65.51724137931033, 39.6551724137931, 24.137931034482758, 22.413793103448274, 12.068965517241379, 8.620689655172413, 5.172413793103448, 0.0, 0.0, 0.0, 0.0, 0.0, 0.0, 0.0, 0.0, 0.0, 0.0, 0.0, 0.0, 0.0, 0.0, 0.0, 0.0, 0.0, 0.0, 0.0, 0.0, 0.0, 0.0, 0.0, 0.0, 0.0]",2
1024,1024,502.3781213,213.7931034,3,1706.896552,568.9655172,14,15,53656.36147,58,1.724137931,occipital_lobe_1205_slice1_local1_roi3_cell1(L2_3).tif,occipita,283,433,"[2, 4, 8, 9, 11, 10, 10, 9, 9, 11, 8, 7, 5, 5, 6, 5, 4, 2, 1, 1, 1, 0, 0, 0, 0, 0, 0, 0, 0, 0, 0, 0, 0, 0, 0, 0, 0, 0, 0, 0, 0, 0, 0, 0, 0, 0, 0, 0, 0]","[37.93103448275862, 112.06896551724137, 108.62068965517241, 124.13793103448275, 134.48275862068965, 129.3103448275862, 122.41379310344827, 113.79310344827586, 146.55172413793102, 105.17241379310344, 100.0, 105.17241379310344, 110.34482758620689, 67.24137931034483, 51.72413793103448, 37.93103448275862, 46.55172413793103, 10.344827586206897, 8.620689655172413, 10.344827586206897, 3.4482758620689653, 0.0, 0.0, 0.0, 0.0, 0.0, 0.0, 0.0, 0.0, 0.0, 0.0, 0.0, 0.0, 0.0, 0.0, 0.0, 0.0, 0.0, 0.0, 0.0, 0.0, 0.0, 0.0, 0.0, 0.0, 0.0, 0.0, 0.0, 0.0]",2
1024,1024,225.921522,146.5517241,3,2082.758621,694.3103448,16,18,69622.47325,58,1.724137931,occipital_lobe_1205_slice1_local1_roi3_cell2(L2_3).tif,occipita,461,380,"[3, 4, 7, 8, 9, 10, 10, 13, 13, 16, 12, 11, 10, 8, 6, 6, 6, 6, 5, 5, 1, 1, 1, 0, 0, 0, 0, 0, 0, 0, 0, 0, 0, 0, 0, 0, 0, 0, 0, 0, 0, 0, 0, 0, 0, 0, 0, 0, 0]","[43.103448275862064, 72.41379310344827, 87.93103448275862, 103.44827586206895, 122.41379310344827, 124.13793103448275, 153.44827586206895, 186.20689655172413, 196.55172413793102, 160.3448275862069, 129.3103448275862, 117.24137931034483, 98.27586206896551, 87.93103448275862, 84.48275862068965, 79.3103448275862, 70.6896551724138, 58.62068965517241, 55.172413793103445, 18.96551724137931, 12.068965517241379, 8.620689655172413, 3.4482758620689653, 0.0, 0.0, 0.0, 0.0, 0.0, 0.0, 0.0, 0.0, 0.0, 0.0, 0.0, 0.0, 0.0, 0.0, 0.0, 0.0, 0.0, 0.0, 0.0, 0.0, 0.0, 0.0, 0.0, 0.0, 0.0, 0.0]",2
1024,1024,264.5659929,162.0689655,4,2136.206897,534.137931,16,16,78760.40428,58,1.724137931,occipital_lobe_1205_slice1_local1_roi3_cell3(L2_3).tif,occipita,602,386,"[3, 5, 7, 8, 12, 11, 12, 12, 11, 9, 11, 12, 13, 11, 7, 5, 4, 3, 2, 2, 2, 2, 1, 1, 0, 0, 0, 0, 0, 0, 0, 0, 0, 0, 0, 0, 0, 0, 0, 0, 0, 0, 0, 0, 0, 0, 0, 0, 0]","[63.79310344827586, 98.27586206896551, 106.89655172413792, 179.3103448275862, 148.2758620689655, 144.82758620689654, 150.0, 134.48275862068965, 131.03448275862067, 137.9310344827586, 113.79310344827586, 144.82758620689654, 246.55172413793102, 77.58620689655172, 63.79310344827586, 44.82758620689655, 34.48275862068965, 22.413793103448274, 17.241379310344826, 18.96551724137931, 20.689655172413794, 15.517241379310343, 10.344827586206897, 1.7241379310344827, 0.0, 0.0, 0.0, 0.0, 0.0, 0.0, 0.0, 0.0, 0.0, 0.0, 0.0, 0.0, 0.0, 0.0, 0.0, 0.0, 0.0, 0.0, 0.0, 0.0, 0.0, 0.0, 0.0, 0.0, 0.0]",2
1024,1024,279.4292509,122.4137931,3,1375.862069,458.6206897,9,11,43819.85731,58,1.724137931,occipital_lobe_1205_slice1_local1_roi3_cell4(L2_3).tif,occipita,651,298,"[1, 4, 6, 8, 8, 10, 10, 12, 11, 9, 9, 7, 3, 3, 3, 2, 1, 1, 1, 1, 1, 1, 1, 1, 0, 0, 0, 0, 0, 0, 0, 0, 0, 0, 0, 0, 0, 0, 0, 0, 0, 0, 0, 0, 0, 0, 0, 0, 0]","[37.93103448275862, 55.172413793103445, 81.03448275862068, 89.6551724137931, 141.3793103448276, 112.06896551724137, 172.41379310344826, 144.82758620689654, 122.41379310344827, 98.27586206896551, 87.93103448275862, 50.0, 29.310344827586206, 32.75862068965517, 31.034482758620687, 12.068965517241379, 8.620689655172413, 10.344827586206897, 10.344827586206897, 10.344827586206897, 10.344827586206897, 8.620689655172413, 10.344827586206897, 3.4482758620689653, 0.0, 0.0, 0.0, 0.0, 0.0, 0.0, 0.0, 0.0, 0.0, 0.0, 0.0, 0.0, 0.0, 0.0, 0.0, 0.0, 0.0, 0.0, 0.0, 0.0, 0.0, 0.0, 0.0, 0.0, 0.0]",2
1024,1024,508.3234245,174.137931,5,3210.344828,642.0689655,23,23,176513.0797,58,1.724137931,occipital_lobe_1205_slice1_local1_roi3_cell5(L2_3).tif,occipita,657,457,"[0, 4, 8, 13, 10, 10, 16, 15, 19, 19, 18, 17, 19, 19, 16, 13, 11, 8, 5, 4, 4, 3, 3, 3, 3, 3, 3, 3, 3, 3, 2, 1, 1, 1, 1, 1, 1, 0, 0, 0, 0, 0, 0, 0, 0, 0, 0, 0, 0]","[36.206896551724135, 81.03448275862068, 150.0, 118.9655172413793, 122.41379310344827, 182.75862068965517, 206.8965517241379, 193.10344827586206, 203.44827586206895, 210.3448275862069, 184.48275862068965, 193.10344827586206, 194.82758620689654, 175.86206896551724, 151.72413793103448, 139.65517241379308, 106.89655172413792, 63.79310344827586, 82.75862068965517, 46.55172413793103, 34.48275862068965, 29.310344827586206, 29.310344827586206, 27.586206896551722, 31.034482758620687, 31.034482758620687, 27.586206896551722, 29.310344827586206, 29.310344827586206, 27.586206896551722, 15.517241379310343, 10.344827586206897, 8.620689655172413, 10.344827586206897, 10.344827586206897, 10.344827586206897, 3.4482758620689653, 0.0, 0.0, 0.0, 0.0, 0.0, 0.0, 0.0, 0.0, 0.0, 0.0, 0.0, 0.0]",2
1024,1024,270.5112961,236.2068966,6,1906.896552,317.7586207,11,16,95731.27229,58,1.724137931,occipital_lobe_1205_slice1_local1_roi3_cell6(L2_3).tif,occipita,814,285,"[3, 6, 5, 9, 12, 14, 15, 13, 13, 10, 10, 8, 6, 5, 3, 2, 2, 2, 2, 2, 2, 3, 3, 2, 2, 1, 1, 1, 1, 1, 1, 1, 1, 1, 0, 0, 0, 0, 0, 0, 0, 0, 0, 0, 0, 0, 0, 0, 0]","[77.58620689655172, 98.27586206896551, 122.41379310344827, 134.48275862068965, 196.55172413793102, 163.79310344827584, 148.2758620689655, 134.48275862068965, 112.06896551724137, 108.62068965517241, 86.20689655172413, 68.9655172413793, 55.172413793103445, 44.82758620689655, 20.689655172413794, 18.96551724137931, 18.96551724137931, 25.86206896551724, 20.689655172413794, 18.96551724137931, 41.37931034482759, 31.034482758620687, 22.413793103448274, 15.517241379310343, 18.96551724137931, 17.241379310344826, 8.620689655172413, 10.344827586206897, 13.793103448275861, 8.620689655172413, 10.344827586206897, 8.620689655172413, 10.344827586206897, 3.4482758620689653, 0.0, 0.0, 0.0, 0.0, 0.0, 0.0, 0.0, 0.0, 0.0, 0.0, 0.0, 0.0, 0.0, 0.0, 0.0]",2
1024,1024,475.6242568,237.9310345,2,2077.586207,1038.793103,10,16,71221.75981,58,1.724137931,occipital_lobe_1205_slice2_local1_roi4_cell4(L5).tif,occipita,446,636,"[2, 3, 7, 9, 10, 12, 12, 11, 13, 12, 12, 12, 9, 10, 9, 6, 5, 5, 5, 5, 4, 2, 2, 0, 0, 0, 0, 0, 0, 0, 0, 0, 0, 0, 0, 0, 0, 0, 0, 0, 0, 0, 0, 0, 0, 0, 0, 0, 0]","[29.310344827586206, 70.6896551724138, 151.72413793103448, 158.6206896551724, 153.44827586206895, 141.3793103448276, 129.3103448275862, 139.65517241379308, 132.75862068965517, 118.9655172413793, 132.75862068965517, 118.9655172413793, 103.44827586206895, 108.62068965517241, 72.41379310344827, 56.89655172413793, 53.44827586206896, 48.275862068965516, 48.275862068965516, 44.82758620689655, 22.413793103448274, 20.689655172413794, 12.068965517241379, 0.0, 0.0, 0.0, 0.0, 0.0, 0.0, 0.0, 0.0, 0.0, 0.0, 0.0, 0.0, 0.0, 0.0, 0.0, 0.0, 0.0, 0.0, 0.0, 0.0, 0.0, 0.0, 0.0, 0.0, 0.0, 0.0]",2
1024,1024,279.4292509,131.0344828,5,1696.551724,339.3103448,11,14,70398.33532,58,1.724137931,occipital_lobe_1205_slice2_local3_roi1_cell1(L5).tif,occipita,353,527,"[3, 6, 6, 9, 11, 11, 11, 13, 14, 16, 13, 11, 9, 6, 5, 4, 3, 3, 1, 1, 1, 0, 0, 0, 0, 0, 0, 0, 0, 0, 0, 0, 0, 0, 0, 0, 0, 0, 0, 0, 0, 0, 0, 0, 0, 0, 0, 0, 0]","[63.79310344827586, 72.41379310344827, 110.34482758620689, 131.03448275862067, 106.89655172413792, 120.68965517241378, 124.13793103448275, 134.48275862068965, 168.9655172413793, 167.24137931034483, 118.9655172413793, 98.27586206896551, 68.9655172413793, 56.89655172413793, 46.55172413793103, 32.75862068965517, 27.586206896551722, 22.413793103448274, 8.620689655172413, 6.896551724137931, 6.896551724137931, 0.0, 0.0, 0.0, 0.0, 0.0, 0.0, 0.0, 0.0, 0.0, 0.0, 0.0, 0.0, 0.0, 0.0, 0.0, 0.0, 0.0, 0.0, 0.0, 0.0, 0.0, 0.0, 0.0, 0.0, 0.0, 0.0, 0.0, 0.0]",2
1024,1024,318.0737218,539.6551724,4,2124.137931,531.0344828,10,12,130983.9477,58,1.724137931,occipital_lobe_1205_slice2_local3_roi1_cell2(L5).tif,occipita,510,683,"[2, 4, 6, 6, 7, 9, 14, 9, 10, 10, 9, 8, 6, 7, 8, 7, 6, 6, 4, 4, 3, 3, 2, 2, 2, 2, 2, 2, 2, 2, 2, 1, 1, 1, 1, 1, 1, 1, 1, 1, 1, 1, 1, 1, 1, 1, 0, 0, 0]","[41.37931034482759, 60.34482758620689, 77.58620689655172, 82.75862068965517, 87.93103448275862, 191.3793103448276, 153.44827586206895, 132.75862068965517, 132.75862068965517, 117.24137931034483, 84.48275862068965, 77.58620689655172, 82.75862068965517, 91.37931034482759, 81.03448275862068, 68.9655172413793, 56.89655172413793, 55.172413793103445, 41.37931034482759, 34.48275862068965, 32.75862068965517, 20.689655172413794, 18.96551724137931, 20.689655172413794, 15.517241379310343, 20.689655172413794, 18.96551724137931, 18.96551724137931, 18.96551724137931, 20.689655172413794, 15.517241379310343, 10.344827586206897, 10.344827586206897, 10.344827586206897, 10.344827586206897, 10.344827586206897, 8.620689655172413, 10.344827586206897, 10.344827586206897, 10.344827586206897, 10.344827586206897, 10.344827586206897, 10.344827586206897, 8.620689655172413, 10.344827586206897, 8.620689655172413, 0.0, 0.0, 0.0]",2
1024,1024,318.0737218,229.3103448,3,2465.517241,821.8965517,15,14,114337.0987,58,1.724137931,occipital_lobe_1205_slice2_local3_roi1_cell3(L5).tif,occipita,704,598,"[4, 7, 7, 9, 9, 11, 11, 13, 8, 9, 10, 10, 8, 8, 7, 6, 6, 6, 6, 6, 7, 6, 5, 3, 3, 5, 3, 4, 1, 1, 1, 1, 1, 0, 0, 0, 0, 0, 0, 0, 0, 0, 0, 0, 0, 0, 0, 0, 0]","[74.13793103448275, 77.58620689655172, 139.65517241379308, 122.41379310344827, 117.24137931034483, 141.3793103448276, 177.58620689655172, 148.2758620689655, 98.27586206896551, 117.24137931034483, 110.34482758620689, 103.44827586206895, 82.75862068965517, 82.75862068965517, 75.86206896551724, 63.79310344827586, 60.34482758620689, 65.51724137931033, 63.79310344827586, 74.13793103448275, 70.6896551724138, 55.172413793103445, 39.6551724137931, 27.586206896551722, 50.0, 44.82758620689655, 67.24137931034483, 31.034482758620687, 10.344827586206897, 10.344827586206897, 8.620689655172413, 17.241379310344826, 10.344827586206897, 0.0, 0.0, 0.0, 0.0, 0.0, 0.0, 0.0, 0.0, 0.0, 0.0, 0.0, 0.0, 0.0, 0.0, 0.0, 0.0]",2
1024,1024,312.1284185,181.0344828,3,2677.586207,892.5862069,14,16,139182.5208,58,1.724137931,occipital_lobe_1205_slice2_local3_roi1_cell4(L5).tif,occipita,735,641,"[2, 4, 7, 7, 11, 11, 9, 11, 11, 13, 10, 10, 10, 10, 10, 9, 7, 5, 4, 4, 4, 4, 4, 2, 1, 1, 2, 2, 2, 2, 2, 2, 2, 2, 3, 5, 1, 1, 2, 0, 0, 0, 0, 0, 0, 0, 0, 0, 0]","[41.37931034482759, 84.48275862068965, 86.20689655172413, 131.03448275862067, 206.8965517241379, 224.13793103448273, 144.82758620689654, 143.10344827586206, 155.17241379310343, 118.9655172413793, 112.06896551724137, 113.79310344827586, 101.72413793103448, 100.0, 124.13793103448275, 134.48275862068965, 48.275862068965516, 46.55172413793103, 39.6551724137931, 36.206896551724135, 39.6551724137931, 36.206896551724135, 29.310344827586206, 18.96551724137931, 13.793103448275861, 18.96551724137931, 20.689655172413794, 20.689655172413794, 20.689655172413794, 20.689655172413794, 20.689655172413794, 32.75862068965517, 20.689655172413794, 32.75862068965517, 74.13793103448275, 18.96551724137931, 8.620689655172413, 12.068965517241379, 20.689655172413794, 0.0, 0.0, 0.0, 0.0, 0.0, 0.0, 0.0, 0.0, 0.0, 0.0]",2
1024,1024,228.8941736,232.7586207,6,2420.689655,403.4482759,15,13,88665.27943,58,1.724137931,temporal_lobe_1208_slice1_local1_roi2_cell6.tif,temporal,624,383,"[4, 5, 7, 10, 13, 13, 12, 14, 14, 16, 11, 11, 8, 8, 6, 5, 5, 4, 4, 4, 4, 3, 2, 1, 1, 1, 1, 1, 1, 1, 0, 0, 0, 0, 0, 0, 0, 0, 0, 0, 0, 0, 0, 0, 0, 0, 0, 0, 0]","[56.89655172413793, 113.79310344827586, 134.48275862068965, 189.65517241379308, 220.68965517241378, 146.55172413793102, 175.86206896551724, 179.3103448275862, 224.13793103448273, 158.6206896551724, 112.06896551724137, 100.0, 115.51724137931033, 67.24137931034483, 55.172413793103445, 51.72413793103448, 51.72413793103448, 39.6551724137931, 36.206896551724135, 39.6551724137931, 34.48275862068965, 27.586206896551722, 15.517241379310343, 8.620689655172413, 10.344827586206897, 10.344827586206897, 10.344827586206897, 10.344827586206897, 8.620689655172413, 0.0, 0.0, 0.0, 0.0, 0.0, 0.0, 0.0, 0.0, 0.0, 0.0, 0.0, 0.0, 0.0, 0.0, 0.0, 0.0, 0.0, 0.0, 0.0, 0.0]",2
1024,1024,264.5659929,129.3103448,5,2074.137931,414.8275862,14,15,41884.66112,58,1.724137931,temporal_lobe_1208_slice1_local1_roi2_cell8.tif,temporal,622,581,"[5, 5, 7, 8, 10, 11, 9, 10, 9, 10, 10, 9, 10, 10, 8, 8, 8, 9, 5, 5, 4, 1, 0, 0, 0, 0, 0, 0, 0, 0, 0, 0, 0, 0, 0, 0, 0, 0, 0, 0, 0, 0, 0, 0, 0, 0, 0, 0, 0]","[50.0, 74.13793103448275, 98.27586206896551, 124.13793103448275, 120.68965517241378, 129.3103448275862, 134.48275862068965, 120.68965517241378, 122.41379310344827, 136.20689655172413, 125.86206896551724, 132.75862068965517, 113.79310344827586, 108.62068965517241, 96.55172413793103, 93.10344827586206, 89.6551724137931, 70.6896551724138, 58.62068965517241, 39.6551724137931, 25.86206896551724, 1.7241379310344827, 0.0, 0.0, 0.0, 0.0, 0.0, 0.0, 0.0, 0.0, 0.0, 0.0, 0.0, 0.0, 0.0, 0.0, 0.0, 0.0, 0.0, 0.0, 0.0, 0.0, 0.0, 0.0, 0.0, 0.0, 0.0, 0.0, 0.0]",2
1024,1024,249.7027348,203.4482759,3,1756.896552,585.6896552,7,11,48275.86207,58,1.724137931,temporal_lobe_1208_slice1_local2_roi1_cell2.tif,temporal,403,429,"[3, 4, 6, 6, 10, 11, 10, 10, 10, 9, 9, 10, 7, 6, 6, 5, 6, 5, 4, 4, 2, 2, 2, 2, 2, 2, 1, 0, 0, 0, 0, 0, 0, 0, 0, 0, 0, 0, 0, 0, 0, 0, 0, 0, 0, 0, 0, 0, 0]","[31.034482758620687, 79.3103448275862, 82.75862068965517, 117.24137931034483, 144.82758620689654, 115.51724137931033, 105.17241379310344, 101.72413793103448, 103.44827586206895, 101.72413793103448, 108.62068965517241, 98.27586206896551, 79.3103448275862, 68.9655172413793, 60.34482758620689, 60.34482758620689, 56.89655172413793, 39.6551724137931, 37.93103448275862, 31.034482758620687, 20.689655172413794, 20.689655172413794, 18.96551724137931, 20.689655172413794, 20.689655172413794, 17.241379310344826, 6.896551724137931, 0.0, 0.0, 0.0, 0.0, 0.0, 0.0, 0.0, 0.0, 0.0, 0.0, 0.0, 0.0, 0.0, 0.0, 0.0, 0.0, 0.0, 0.0, 0.0, 0.0, 0.0, 0.0]",2
1024,1024,279.4292509,263.7931034,6,1643.103448,273.7931034,12,8,30365.63615,58,1.724137931,temporal_lobe_1208_slice1_local2_roi1_cell3.tif,temporal,760,367,"[5, 6, 8, 8, 9, 8, 9, 8, 9, 8, 7, 7, 8, 6, 7, 5, 4, 3, 2, 2, 2, 1, 1, 1, 1, 1, 1, 0, 0, 0, 0, 0, 0, 0, 0, 0, 0, 0, 0, 0, 0, 0, 0, 0, 0, 0, 0, 0, 0]","[62.068965517241374, 118.9655172413793, 106.89655172413792, 105.17241379310344, 93.10344827586206, 101.72413793103448, 125.86206896551724, 101.72413793103448, 103.44827586206895, 89.6551724137931, 94.82758620689654, 87.93103448275862, 81.03448275862068, 86.20689655172413, 56.89655172413793, 50.0, 37.93103448275862, 31.034482758620687, 18.96551724137931, 20.689655172413794, 10.344827586206897, 8.620689655172413, 10.344827586206897, 10.344827586206897, 10.344827586206897, 10.344827586206897, 1.7241379310344827, 0.0, 0.0, 0.0, 0.0, 0.0, 0.0, 0.0, 0.0, 0.0, 0.0, 0.0, 0.0, 0.0, 0.0, 0.0, 0.0, 0.0, 0.0, 0.0, 0.0, 0.0, 0.0]",2
1024,1024,252.6753864,143.1034483,3,1641.37931,547.0689655,9,10,37369.20333,58,1.724137931,temporal_lobe_1208_slice1_local2_roi2_cell2.tif,temporal,377,484,"[3, 4, 4, 7, 7, 7, 8, 8, 8, 8, 8, 8, 6, 7, 6, 5, 5, 4, 5, 4, 3, 3, 3, 3, 2, 1, 1, 1, 1, 1, 0, 0, 0, 0, 0, 0, 0, 0, 0, 0, 0, 0, 0, 0, 0, 0, 0, 0, 0]","[43.103448275862064, 39.6551724137931, 82.75862068965517, 137.9310344827586, 79.3103448275862, 86.20689655172413, 89.6551724137931, 93.10344827586206, 84.48275862068965, 81.03448275862068, 82.75862068965517, 82.75862068965517, 72.41379310344827, 72.41379310344827, 62.068965517241374, 60.34482758620689, 50.0, 53.44827586206896, 48.275862068965516, 43.103448275862064, 29.310344827586206, 27.586206896551722, 31.034482758620687, 25.86206896551724, 17.241379310344826, 10.344827586206897, 10.344827586206897, 10.344827586206897, 8.620689655172413, 13.793103448275861, 0.0, 0.0, 0.0, 0.0, 0.0, 0.0, 0.0, 0.0, 0.0, 0.0, 0.0, 0.0, 0.0, 0.0, 0.0, 0.0, 0.0, 0.0, 0.0]",2
1024,1024,240.78478,210.3448276,5,1843.103448,368.6206897,9,11,84286.56361,58,1.724137931,temporal_lobe_1208_slice1_local2_roi2_cell3.tif,temporal,660,365,"[3, 5, 6, 8, 8, 9, 8, 8, 11, 9, 9, 9, 9, 8, 7, 6, 6, 3, 3, 3, 3, 2, 2, 2, 2, 2, 2, 2, 2, 2, 2, 2, 2, 1, 1, 0, 0, 0, 0, 0, 0, 0, 0, 0, 0, 0, 0, 0, 0]","[65.51724137931033, 72.41379310344827, 89.6551724137931, 94.82758620689654, 110.34482758620689, 86.20689655172413, 98.27586206896551, 110.34482758620689, 120.68965517241378, 105.17241379310344, 98.27586206896551, 89.6551724137931, 81.03448275862068, 70.6896551724138, 68.9655172413793, 60.34482758620689, 46.55172413793103, 29.310344827586206, 29.310344827586206, 32.75862068965517, 25.86206896551724, 20.689655172413794, 18.96551724137931, 20.689655172413794, 20.689655172413794, 18.96551724137931, 24.137931034482758, 17.241379310344826, 20.689655172413794, 20.689655172413794, 18.96551724137931, 20.689655172413794, 12.068965517241379, 12.068965517241379, 1.7241379310344827, 0.0, 0.0, 0.0, 0.0, 0.0, 0.0, 0.0, 0.0, 0.0, 0.0, 0.0, 0.0, 0.0, 0.0]",2
1024,1024,448.8703924,624.137931,3,2620.689655,873.6206897,19,20,65154.57788,58,1.724137931,temporal_lobe_1208_slice1_local2_roi2_cell4.tif,temporal,796,366,"[5, 6, 5, 7, 10, 10, 11, 13, 11, 14, 12, 11, 12, 11, 11, 9, 7, 7, 6, 8, 5, 5, 3, 3, 3, 2, 0, 0, 0, 0, 0, 0, 0, 0, 0, 0, 0, 0, 0, 0, 0, 0, 0, 0, 0, 0, 0, 0, 0]","[103.44827586206895, 79.3103448275862, 101.72413793103448, 100.0, 155.17241379310343, 129.3103448275862, 179.3103448275862, 167.24137931034483, 198.2758620689655, 174.13793103448276, 153.44827586206895, 129.3103448275862, 134.48275862068965, 115.51724137931033, 98.27586206896551, 81.03448275862068, 72.41379310344827, 60.34482758620689, 91.37931034482759, 81.03448275862068, 55.172413793103445, 50.0, 32.75862068965517, 29.310344827586206, 24.137931034482758, 5.172413793103448, 0.0, 0.0, 0.0, 0.0, 0.0, 0.0, 0.0, 0.0, 0.0, 0.0, 0.0, 0.0, 0.0, 0.0, 0.0, 0.0, 0.0, 0.0, 0.0, 0.0, 0.0, 0.0, 0.0]",2
1024,1024,368.608799,312.0689655,5,1160.344828,232.0689655,8,8,39456.00476,58,1.724137931,temporal_lobe_1208_slice2_local1_roi1_cell1.tif,temporal,190,565,"[2, 4, 6, 8, 9, 8, 10, 8, 6, 6, 5, 5, 5, 4, 2, 2, 2, 2, 2, 1, 1, 1, 1, 0, 0, 0, 0, 0, 0, 0, 0, 0, 0, 0, 0, 0, 0, 0, 0, 0, 0, 0, 0, 0, 0, 0, 0, 0, 0]","[36.206896551724135, 67.24137931034483, 112.06896551724137, 110.34482758620689, 93.10344827586206, 103.44827586206895, 112.06896551724137, 87.93103448275862, 58.62068965517241, 55.172413793103445, 51.72413793103448, 53.44827586206896, 50.0, 34.48275862068965, 20.689655172413794, 22.413793103448274, 20.689655172413794, 18.96551724137931, 12.068965517241379, 8.620689655172413, 12.068965517241379, 10.344827586206897, 6.896551724137931, 0.0, 0.0, 0.0, 0.0, 0.0, 0.0, 0.0, 0.0, 0.0, 0.0, 0.0, 0.0, 0.0, 0.0, 0.0, 0.0, 0.0, 0.0, 0.0, 0.0, 0.0, 0.0, 0.0, 0.0, 0.0, 0.0]",2
1024,1024,338.882283,222.4137931,4,1712.068966,427.9310345,6,8,69078.478,58,1.724137931,temporal_lobe_1208_slice2_local1_roi1_cell2.tif,temporal,353,544,"[1, 4, 6, 8, 10, 8, 9, 8, 8, 8, 8, 7, 7, 6, 8, 7, 6, 5, 2, 2, 2, 1, 1, 1, 1, 1, 1, 1, 0, 0, 0, 0, 0, 0, 0, 0, 0, 0, 0, 0, 0, 0, 0, 0, 0, 0, 0, 0, 0]","[25.86206896551724, 101.72413793103448, 93.10344827586206, 98.27586206896551, 108.62068965517241, 132.75862068965517, 129.3103448275862, 110.34482758620689, 94.82758620689654, 91.37931034482759, 84.48275862068965, 74.13793103448275, 82.75862068965517, 75.86206896551724, 93.10344827586206, 77.58620689655172, 70.6896551724138, 34.48275862068965, 20.689655172413794, 22.413793103448274, 15.517241379310343, 10.344827586206897, 10.344827586206897, 10.344827586206897, 12.068965517241379, 10.344827586206897, 10.344827586206897, 0.0, 0.0, 0.0, 0.0, 0.0, 0.0, 0.0, 0.0, 0.0, 0.0, 0.0, 0.0, 0.0, 0.0, 0.0, 0.0, 0.0, 0.0, 0.0, 0.0, 0.0, 0.0]",2
1024,1024,267.5386445,237.9310345,3,1701.724138,567.2413793,7,10,35752.08086,58,1.724137931,temporal_lobe_1208_slice2_local1_roi1_cell3.tif,temporal,424,538,"[3, 3, 5, 8, 11, 10, 10, 9, 9, 9, 8, 8, 6, 6, 5, 5, 5, 5, 5, 4, 3, 3, 3, 1, 1, 1, 1, 0, 0, 0, 0, 0, 0, 0, 0, 0, 0, 0, 0, 0, 0, 0, 0, 0, 0, 0, 0, 0, 0]","[29.310344827586206, 48.275862068965516, 106.89655172413792, 131.03448275862067, 182.75862068965517, 117.24137931034483, 113.79310344827586, 100.0, 94.82758620689654, 89.6551724137931, 81.03448275862068, 82.75862068965517, 68.9655172413793, 53.44827586206896, 46.55172413793103, 50.0, 51.72413793103448, 50.0, 46.55172413793103, 32.75862068965517, 31.034482758620687, 29.310344827586206, 15.517241379310343, 10.344827586206897, 10.344827586206897, 10.344827586206897, 8.620689655172413, 0.0, 0.0, 0.0, 0.0, 0.0, 0.0, 0.0, 0.0, 0.0, 0.0, 0.0, 0.0, 0.0, 0.0, 0.0, 0.0, 0.0, 0.0, 0.0, 0.0, 0.0, 0.0]",2
1024,1024,225.921522,131.0344828,3,2362.068966,787.4137931,8,14,53665.27943,58,1.724137931,temporal_lobe_1208_slice2_local1_roi1_cell4.tif,temporal,471,478,"[1, 5, 6, 6, 12, 9, 9, 12, 12, 11, 12, 12, 11, 11, 12, 11, 10, 10, 9, 6, 3, 2, 2, 1, 1, 0, 0, 0, 0, 0, 0, 0, 0, 0, 0, 0, 0, 0, 0, 0, 0, 0, 0, 0, 0, 0, 0, 0, 0]","[43.103448275862064, 77.58620689655172, 86.20689655172413, 163.79310344827584, 139.65517241379308, 129.3103448275862, 124.13793103448275, 131.03448275862067, 117.24137931034483, 136.20689655172413, 137.9310344827586, 136.20689655172413, 134.48275862068965, 127.58620689655172, 132.75862068965517, 105.17241379310344, 100.0, 96.55172413793103, 112.06896551724137, 43.103448275862064, 27.586206896551722, 18.96551724137931, 20.689655172413794, 10.344827586206897, 0.0, 0.0, 0.0, 0.0, 0.0, 0.0, 0.0, 0.0, 0.0, 0.0, 0.0, 0.0, 0.0, 0.0, 0.0, 0.0, 0.0, 0.0, 0.0, 0.0, 0.0, 0.0, 0.0, 0.0, 0.0]",2
1024,1024,231.8668252,225.862069,6,2701.724138,450.3448276,13,14,61976.81332,58,1.724137931,temporal_lobe_1208_slice2_local1_roi1_cell5.tif,temporal,594,455,"[3, 5, 7, 9, 13, 12, 12, 11, 13, 13, 12, 12, 13, 12, 11, 12, 13, 13, 10, 7, 7, 4, 2, 1, 1, 1, 1, 1, 1, 0, 0, 0, 0, 0, 0, 0, 0, 0, 0, 0, 0, 0, 0, 0, 0, 0, 0, 0, 0]","[53.44827586206896, 72.41379310344827, 87.93103448275862, 103.44827586206895, 191.3793103448276, 167.24137931034483, 160.3448275862069, 151.72413793103448, 150.0, 158.6206896551724, 143.10344827586206, 141.3793103448276, 143.10344827586206, 143.10344827586206, 127.58620689655172, 139.65517241379308, 134.48275862068965, 115.51724137931033, 81.03448275862068, 65.51724137931033, 51.72413793103448, 29.310344827586206, 13.793103448275861, 8.620689655172413, 10.344827586206897, 12.068965517241379, 10.344827586206897, 8.620689655172413, 3.4482758620689653, 0.0, 0.0, 0.0, 0.0, 0.0, 0.0, 0.0, 0.0, 0.0, 0.0, 0.0, 0.0, 0.0, 0.0, 0.0, 0.0, 0.0, 0.0, 0.0, 0.0]",2
1024,1024,541.0225922,463.7931034,4,1834.482759,458.6206897,5,7,222369.2033,58,1.724137931,temporal_lobe_1208_slice2_local1_roi1_cell9.tif,temporal,678,618,"[0, 2, 2, 3, 5, 6, 6, 6, 6, 6, 6, 6, 7, 7, 7, 7, 7, 7, 7, 6, 6, 5, 5, 5, 5, 5, 4, 4, 4, 4, 4, 4, 2, 2, 2, 2, 2, 0, 0, 0, 0, 0, 0, 0, 0, 0, 0, 0, 0]","[6.896551724137931, 29.310344827586206, 31.034482758620687, 55.172413793103445, 75.86206896551724, 67.24137931034483, 72.41379310344827, 70.6896551724138, 68.9655172413793, 65.51724137931033, 70.6896551724138, 74.13793103448275, 70.6896551724138, 68.9655172413793, 68.9655172413793, 68.9655172413793, 70.6896551724138, 67.24137931034483, 58.62068965517241, 58.62068965517241, 51.72413793103448, 51.72413793103448, 50.0, 50.0, 50.0, 44.82758620689655, 39.6551724137931, 39.6551724137931, 39.6551724137931, 39.6551724137931, 39.6551724137931, 31.034482758620687, 18.96551724137931, 20.689655172413794, 17.241379310344826, 20.689655172413794, 8.620689655172413, 0.0, 0.0, 0.0, 0.0, 0.0, 0.0, 0.0, 0.0, 0.0, 0.0, 0.0, 0.0]",2
1024,1024,318.0737218,365.5172414,4,1501.724138,375.5172414,6,10,42922.11653,58,1.724137931,temporal_lobe_1208_slice2_local1_roi2_cell1.tif,temporal,241,311,"[2, 7, 6, 7, 7, 7, 10, 5, 5, 6, 7, 6, 7, 7, 6, 6, 4, 4, 4, 3, 3, 2, 1, 1, 1, 1, 1, 1, 1, 0, 0, 0, 0, 0, 0, 0, 0, 0, 0, 0, 0, 0, 0, 0, 0, 0, 0, 0, 0]","[74.13793103448275, 72.41379310344827, 98.27586206896551, 81.03448275862068, 74.13793103448275, 122.41379310344827, 79.3103448275862, 62.068965517241374, 63.79310344827586, 68.9655172413793, 72.41379310344827, 72.41379310344827, 70.6896551724138, 67.24137931034483, 74.13793103448275, 62.068965517241374, 50.0, 51.72413793103448, 43.103448275862064, 39.6551724137931, 25.86206896551724, 15.517241379310343, 8.620689655172413, 10.344827586206897, 10.344827586206897, 8.620689655172413, 10.344827586206897, 10.344827586206897, 1.7241379310344827, 0.0, 0.0, 0.0, 0.0, 0.0, 0.0, 0.0, 0.0, 0.0, 0.0, 0.0, 0.0, 0.0, 0.0, 0.0, 0.0, 0.0, 0.0, 0.0, 0.0]",2
1024,1024,549.940547,120.6896552,2,1344.827586,672.4137931,9,11,43326.39715,58,1.724137931,temporal_lobe_1208_slice2_local1_roi2_cell3.tif,temporal,555,481,"[0, 3, 6, 6, 7, 9, 9, 11, 9, 7, 7, 6, 6, 6, 4, 4, 3, 3, 2, 2, 1, 0, 0, 0, 0, 0, 0, 0, 0, 0, 0, 0, 0, 0, 0, 0, 0, 0, 0, 0, 0, 0, 0, 0, 0, 0, 0, 0, 0]","[6.896551724137931, 89.6551724137931, 63.79310344827586, 72.41379310344827, 118.9655172413793, 112.06896551724137, 144.82758620689654, 129.3103448275862, 87.93103448275862, 103.44827586206895, 70.6896551724138, 70.6896551724138, 60.34482758620689, 46.55172413793103, 41.37931034482759, 32.75862068965517, 31.034482758620687, 20.689655172413794, 20.689655172413794, 17.241379310344826, 3.4482758620689653, 0.0, 0.0, 0.0, 0.0, 0.0, 0.0, 0.0, 0.0, 0.0, 0.0, 0.0, 0.0, 0.0, 0.0, 0.0, 0.0, 0.0, 0.0, 0.0, 0.0, 0.0, 0.0, 0.0, 0.0, 0.0, 0.0, 0.0, 0.0]",2
1024,1024,225.921522,193.1034483,3,1127.586207,375.862069,6,7,30434.00713,58,1.724137931,temporal_lobe_1208_slice2_local1_roi2_cell4.tif,temporal,648,497,"[1, 2, 3, 5, 6, 6, 6, 7, 7, 6, 6, 6, 6, 6, 5, 3, 3, 3, 3, 3, 2, 1, 1, 1, 0, 0, 0, 0, 0, 0, 0, 0, 0, 0, 0, 0, 0, 0, 0, 0, 0, 0, 0, 0, 0, 0, 0, 0, 0]","[20.689655172413794, 29.310344827586206, 43.103448275862064, 67.24137931034483, 77.58620689655172, 74.13793103448275, 93.10344827586206, 89.6551724137931, 82.75862068965517, 84.48275862068965, 62.068965517241374, 63.79310344827586, 60.34482758620689, 51.72413793103448, 43.103448275862064, 29.310344827586206, 29.310344827586206, 29.310344827586206, 29.310344827586206, 24.137931034482758, 18.96551724137931, 10.344827586206897, 10.344827586206897, 0.0, 0.0, 0.0, 0.0, 0.0, 0.0, 0.0, 0.0, 0.0, 0.0, 0.0, 0.0, 0.0, 0.0, 0.0, 0.0, 0.0, 0.0, 0.0, 0.0, 0.0, 0.0, 0.0, 0.0, 0.0, 0.0]",2
1024,1024,234.8394768,303.4482759,9,2910.344828,323.4482759,15,17,69102.25922,58,1.724137931,temporal_lobe_1208_slice2_local1_roi2_cell5.tif,temporal,744,511,"[4, 5, 8, 14, 15, 17, 15, 12, 10, 9, 11, 10, 10, 9, 8, 7, 8, 6, 5, 5, 4, 4, 4, 4, 3, 3, 3, 3, 2, 1, 1, 1, 0, 0, 0, 0, 0, 0, 0, 0, 0, 0, 0, 0, 0, 0, 0, 0, 0]","[60.34482758620689, 127.58620689655172, 155.17241379310343, 255.17241379310343, 284.48275862068965, 224.13793103448273, 162.06896551724137, 136.20689655172413, 137.9310344827586, 125.86206896551724, 131.03448275862067, 137.9310344827586, 115.51724137931033, 93.10344827586206, 82.75862068965517, 89.6551724137931, 131.03448275862067, 46.55172413793103, 51.72413793103448, 37.93103448275862, 41.37931034482759, 39.6551724137931, 41.37931034482759, 37.93103448275862, 31.034482758620687, 27.586206896551722, 31.034482758620687, 20.689655172413794, 18.96551724137931, 10.344827586206897, 10.344827586206897, 6.896551724137931, 0.0, 0.0, 0.0, 0.0, 0.0, 0.0, 0.0, 0.0, 0.0, 0.0, 0.0, 0.0, 0.0, 0.0, 0.0, 0.0, 0.0]",2
1024,1024,300.2378121,350,4,1222.413793,305.5172414,7,8,44979.19144,58,1.724137931,temporal_lobe_1208_slice2_local1_roi3_cell4(L2_3).tif,temporal,805,709,"[3, 3, 7, 8, 8, 8, 9, 9, 8, 6, 6, 6, 5, 5, 4, 4, 4, 3, 2, 2, 1, 0, 0, 0, 0, 0, 0, 0, 0, 0, 0, 0, 0, 0, 0, 0, 0, 0, 0, 0, 0, 0, 0, 0, 0, 0, 0, 0, 0]","[37.93103448275862, 68.9655172413793, 82.75862068965517, 103.44827586206895, 86.20689655172413, 96.55172413793103, 96.55172413793103, 103.44827586206895, 82.75862068965517, 67.24137931034483, 58.62068965517241, 58.62068965517241, 51.72413793103448, 48.275862068965516, 41.37931034482759, 39.6551724137931, 37.93103448275862, 25.86206896551724, 18.96551724137931, 10.344827586206897, 3.4482758620689653, 0.0, 0.0, 0.0, 0.0, 0.0, 0.0, 0.0, 0.0, 0.0, 0.0, 0.0, 0.0, 0.0, 0.0, 0.0, 0.0, 0.0, 0.0, 0.0, 0.0, 0.0, 0.0, 0.0, 0.0, 0.0, 0.0, 0.0, 0.0]",2
1024,1024,436.979786,274.137931,4,2722.413793,680.6896552,16,15,82419.73841,58,1.724137931,temporal_lobe_1208_slice2_local2_roi1_cell1.tif,temporal,438,532,"[0, 4, 7, 10, 10, 11, 10, 9, 11, 11, 11, 11, 13, 9, 8, 6, 7, 7, 7, 6, 5, 4, 3, 3, 3, 2, 4, 4, 4, 4, 3, 3, 3, 2, 2, 2, 1, 1, 1, 1, 1, 1, 2, 1, 0, 0, 0, 0, 0]","[43.103448275862064, 72.41379310344827, 181.03448275862067, 131.03448275862067, 175.86206896551724, 163.79310344827584, 120.68965517241378, 117.24137931034483, 120.68965517241378, 120.68965517241378, 120.68965517241378, 158.6206896551724, 93.10344827586206, 94.82758620689654, 75.86206896551724, 68.9655172413793, 67.24137931034483, 70.6896551724138, 68.9655172413793, 55.172413793103445, 44.82758620689655, 36.206896551724135, 36.206896551724135, 31.034482758620687, 25.86206896551724, 41.37931034482759, 39.6551724137931, 39.6551724137931, 39.6551724137931, 31.034482758620687, 27.586206896551722, 32.75862068965517, 20.689655172413794, 20.689655172413794, 20.689655172413794, 17.241379310344826, 10.344827586206897, 10.344827586206897, 10.344827586206897, 8.620689655172413, 12.068965517241379, 20.689655172413794, 15.517241379310343, 8.620689655172413, 0.0, 0.0, 0.0, 0.0, 0.0]",2
1024,1024,243.7574316,168.9655172,4,1760.344828,440,10,13,36688.46611,58,1.724137931,temporal_lobe_1208_slice2_local2_roi2_cell1.tif,temporal,281,363,"[2, 4, 6, 9, 7, 10, 11, 11, 11, 10, 11, 10, 9, 9, 7, 6, 7, 5, 3, 2, 2, 2, 1, 1, 1, 1, 0, 0, 0, 0, 0, 0, 0, 0, 0, 0, 0, 0, 0, 0, 0, 0, 0, 0, 0, 0, 0, 0, 0]","[37.93103448275862, 62.068965517241374, 91.37931034482759, 129.3103448275862, 124.13793103448275, 115.51724137931033, 113.79310344827586, 113.79310344827586, 112.06896551724137, 117.24137931034483, 98.27586206896551, 96.55172413793103, 98.27586206896551, 74.13793103448275, 67.24137931034483, 68.9655172413793, 58.62068965517241, 39.6551724137931, 34.48275862068965, 24.137931034482758, 18.96551724137931, 13.793103448275861, 10.344827586206897, 10.344827586206897, 10.344827586206897, 6.896551724137931, 0.0, 0.0, 0.0, 0.0, 0.0, 0.0, 0.0, 0.0, 0.0, 0.0, 0.0, 0.0, 0.0, 0.0, 0.0, 0.0, 0.0, 0.0, 0.0, 0.0, 0.0, 0.0, 0.0]",2
1024,1024,261.5933413,187.9310345,5,2758.62069,551.7241379,13,19,66691.43876,58,1.724137931,temporal_lobe_1208_slice2_local2_roi2_cell2.tif,temporal,578,458,"[4, 6, 7, 12, 15, 13, 13, 13, 13, 12, 12, 12, 11, 12, 10, 10, 8, 7, 6, 6, 6, 5, 5, 1, 1, 0, 0, 0, 0, 0, 0, 0, 0, 0, 0, 0, 0, 0, 0, 0, 0, 0, 0, 0, 0, 0, 0, 0, 0]","[63.79310344827586, 89.6551724137931, 196.55172413793102, 227.58620689655172, 189.65517241379308, 160.3448275862069, 144.82758620689654, 236.20689655172413, 156.8965517241379, 132.75862068965517, 143.10344827586206, 127.58620689655172, 124.13793103448275, 115.51724137931033, 113.79310344827586, 96.55172413793103, 77.58620689655172, 79.3103448275862, 65.51724137931033, 60.34482758620689, 60.34482758620689, 53.44827586206896, 20.689655172413794, 10.344827586206897, 8.620689655172413, 0.0, 0.0, 0.0, 0.0, 0.0, 0.0, 0.0, 0.0, 0.0, 0.0, 0.0, 0.0, 0.0, 0.0, 0.0, 0.0, 0.0, 0.0, 0.0, 0.0, 0.0, 0.0, 0.0, 0.0]",2
1024,1024,273.4839477,213.7931034,6,1224.137931,203.9655172,4,10,22187.87158,58,1.724137931,temporal_lobe_1208_slice2_local3_roi1_cell1.tif,temporal,304,276,"[4, 7, 7, 8, 8, 8, 7, 6, 6, 7, 6, 6, 5, 4, 3, 4, 2, 2, 2, 1, 1, 0, 0, 0, 0, 0, 0, 0, 0, 0, 0, 0, 0, 0, 0, 0, 0, 0, 0, 0, 0, 0, 0, 0, 0, 0, 0, 0, 0]","[82.75862068965517, 96.55172413793103, 108.62068965517241, 89.6551724137931, 79.3103448275862, 86.20689655172413, 70.6896551724138, 68.9655172413793, 82.75862068965517, 82.75862068965517, 72.41379310344827, 67.24137931034483, 50.0, 48.275862068965516, 39.6551724137931, 31.034482758620687, 20.689655172413794, 17.241379310344826, 15.517241379310343, 10.344827586206897, 1.7241379310344827, 0.0, 0.0, 0.0, 0.0, 0.0, 0.0, 0.0, 0.0, 0.0, 0.0, 0.0, 0.0, 0.0, 0.0, 0.0, 0.0, 0.0, 0.0, 0.0, 0.0, 0.0, 0.0, 0.0, 0.0, 0.0, 0.0, 0.0, 0.0]",2
1024,1024,214.0309156,206.8965517,8,1850,231.2068966,10,13,43983.35315,58,1.724137931,temporal_lobe_1208_slice2_local3_roi1_cell2.tif,temporal,366,326,"[3, 3, 7, 11, 10, 11, 10, 8, 10, 11, 7, 5, 7, 6, 7, 7, 5, 3, 2, 0, 0, 0, 0, 0, 0, 0, 0, 0, 0, 0, 0, 0, 0, 0, 0, 0, 0, 0, 0, 0, 0, 0, 0, 0, 0, 0, 0, 0, 0]","[39.6551724137931, 72.41379310344827, 191.3793103448276, 187.9310344827586, 200.0, 137.9310344827586, 105.17241379310344, 106.89655172413792, 163.79310344827584, 115.51724137931033, 89.6551724137931, 70.6896551724138, 77.58620689655172, 82.75862068965517, 74.13793103448275, 60.34482758620689, 36.206896551724135, 24.137931034482758, 8.620689655172413, 0.0, 0.0, 0.0, 0.0, 0.0, 0.0, 0.0, 0.0, 0.0, 0.0, 0.0, 0.0, 0.0, 0.0, 0.0, 0.0, 0.0, 0.0, 0.0, 0.0, 0.0, 0.0, 0.0, 0.0, 0.0, 0.0, 0.0, 0.0, 0.0, 0.0]",2
1024,1024,428.0618312,137.9310345,3,1981.034483,660.3448276,9,15,60026.75386,58,1.724137931,temporal_lobe_1208_slice2_local3_roi1_cell3.tif,temporal,530,282,"[3, 3, 5, 7, 7, 9, 11, 12, 12, 12, 12, 11, 10, 9, 9, 8, 8, 5, 5, 5, 2, 1, 1, 0, 0, 0, 0, 0, 0, 0, 0, 0, 0, 0, 0, 0, 0, 0, 0, 0, 0, 0, 0, 0, 0, 0, 0, 0, 0]","[31.034482758620687, 50.0, 105.17241379310344, 93.10344827586206, 112.06896551724137, 144.82758620689654, 160.3448275862069, 131.03448275862067, 132.75862068965517, 141.3793103448276, 117.24137931034483, 118.9655172413793, 106.89655172413792, 115.51724137931033, 93.10344827586206, 87.93103448275862, 62.068965517241374, 48.275862068965516, 50.0, 29.310344827586206, 18.96551724137931, 10.344827586206897, 3.4482758620689653, 0.0, 0.0, 0.0, 0.0, 0.0, 0.0, 0.0, 0.0, 0.0, 0.0, 0.0, 0.0, 0.0, 0.0, 0.0, 0.0, 0.0, 0.0, 0.0, 0.0, 0.0, 0.0, 0.0, 0.0, 0.0, 0.0]",2
1024,1024,466.706302,351.7241379,3,1567.241379,522.4137931,11,13,60475.62426,58,1.724137931,temporal_lobe_1208_slice2_local3_roi1_cell4.tif,temporal,745,426,"[0, 3, 4, 8, 9, 10, 12, 12, 10, 9, 9, 8, 8, 9, 9, 6, 5, 4, 3, 3, 0, 0, 0, 0, 0, 0, 0, 0, 0, 0, 0, 0, 0, 0, 0, 0, 0, 0, 0, 0, 0, 0, 0, 0, 0, 0, 0, 0, 0]","[24.137931034482758, 41.37931034482759, 82.75862068965517, 82.75862068965517, 103.44827586206895, 122.41379310344827, 132.75862068965517, 118.9655172413793, 110.34482758620689, 108.62068965517241, 89.6551724137931, 94.82758620689654, 98.27586206896551, 86.20689655172413, 79.3103448275862, 62.068965517241374, 48.275862068965516, 44.82758620689655, 27.586206896551722, 8.620689655172413, 0.0, 0.0, 0.0, 0.0, 0.0, 0.0, 0.0, 0.0, 0.0, 0.0, 0.0, 0.0, 0.0, 0.0, 0.0, 0.0, 0.0, 0.0, 0.0, 0.0, 0.0, 0.0, 0.0, 0.0, 0.0, 0.0, 0.0, 0.0, 0.0]",2
1024,1024,312.1284185,167.2413793,4,2250,562.4137931,15,14,100413.1986,58,1.724137931,temporal_lobe_1208_slice2_local3_roi1_cell5.tif,temporal,692,529,"[3, 5, 7, 7, 9, 10, 10, 13, 10, 9, 10, 12, 12, 12, 8, 11, 10, 8, 4, 2, 2, 2, 2, 2, 2, 1, 0, 0, 0, 0, 0, 0, 0, 0, 0, 0, 0, 0, 0, 0, 0, 0, 0, 0, 0, 0, 0, 0, 0]","[43.103448275862064, 81.03448275862068, 79.3103448275862, 94.82758620689654, 96.55172413793103, 122.41379310344827, 141.3793103448276, 146.55172413793102, 110.34482758620689, 153.44827586206895, 181.03448275862067, 151.72413793103448, 127.58620689655172, 105.17241379310344, 127.58620689655172, 146.55172413793102, 101.72413793103448, 77.58620689655172, 31.034482758620687, 20.689655172413794, 20.689655172413794, 27.586206896551722, 20.689655172413794, 20.689655172413794, 12.068965517241379, 3.4482758620689653, 0.0, 0.0, 0.0, 0.0, 0.0, 0.0, 0.0, 0.0, 0.0, 0.0, 0.0, 0.0, 0.0, 0.0, 0.0, 0.0, 0.0, 0.0, 0.0, 0.0, 0.0, 0.0, 0.0]",2
1024,1024,353.745541,170.6896552,5,2067.241379,413.4482759,15,14,73843.63853,58,1.724137931,temporal_lobe_1208_slice2_local3_roi1_cell6.tif,temporal,651,637,"[1, 5, 7, 9, 9, 9, 9, 9, 10, 14, 10, 9, 8, 8, 7, 8, 8, 7, 7, 6, 4, 3, 2, 2, 1, 0, 0, 0, 0, 0, 0, 0, 0, 0, 0, 0, 0, 0, 0, 0, 0, 0, 0, 0, 0, 0, 0, 0, 0]","[60.34482758620689, 75.86206896551724, 117.24137931034483, 110.34482758620689, 106.89655172413792, 117.24137931034483, 117.24137931034483, 120.68965517241378, 120.68965517241378, 193.10344827586206, 139.65517241379308, 98.27586206896551, 81.03448275862068, 86.20689655172413, 84.48275862068965, 81.03448275862068, 72.41379310344827, 68.9655172413793, 63.79310344827586, 51.72413793103448, 29.310344827586206, 25.86206896551724, 20.689655172413794, 18.96551724137931, 3.4482758620689653, 0.0, 0.0, 0.0, 0.0, 0.0, 0.0, 0.0, 0.0, 0.0, 0.0, 0.0, 0.0, 0.0, 0.0, 0.0, 0.0, 0.0, 0.0, 0.0, 0.0, 0.0, 0.0, 0.0, 0.0]",2
1024,1024,208.0856124,196.5517241,6,2267.241379,377.9310345,12,16,64143.87634,58,1.724137931,temporal_lobe_1208_slice2_local3_roi1_cell7.tif,temporal,590,757,"[3, 8, 10, 9, 13, 11, 10, 10, 12, 14, 13, 13, 12, 12, 10, 9, 7, 6, 4, 4, 4, 2, 2, 2, 2, 1, 0, 0, 0, 0, 0, 0, 0, 0, 0, 0, 0, 0, 0, 0, 0, 0, 0, 0, 0, 0, 0, 0, 0]","[103.44827586206895, 122.41379310344827, 125.86206896551724, 137.9310344827586, 132.75862068965517, 120.68965517241378, 118.9655172413793, 139.65517241379308, 167.24137931034483, 146.55172413793102, 136.20689655172413, 125.86206896551724, 115.51724137931033, 108.62068965517241, 93.10344827586206, 82.75862068965517, 65.51724137931033, 44.82758620689655, 37.93103448275862, 36.206896551724135, 31.034482758620687, 18.96551724137931, 18.96551724137931, 20.689655172413794, 10.344827586206897, 0.0, 0.0, 0.0, 0.0, 0.0, 0.0, 0.0, 0.0, 0.0, 0.0, 0.0, 0.0, 0.0, 0.0, 0.0, 0.0, 0.0, 0.0, 0.0, 0.0, 0.0, 0.0, 0.0, 0.0]",2
